datetime,machineID,optype
6/1/2014 6:00,1,op2
7/16/2014 6:00,1,op4
7/31/2014 6:00,1,op3
12/13/2014 6:00,1,op1
1/5/2015 6:00,1,op4
1/5/2015 6:00,1,op1
1/20/2015 6:00,1,op3
1/20/2015 6:00,1,op1
2/4/2015 6:00,1,op4
2/4/2015 6:00,1,op3
2/19/2015 6:00,1,op3
3/6/2015 6:00,1,op1
3/21/2015 6:00,1,op1
4/5/2015 6:00,1,op3
4/20/2015 6:00,1,op2
5/5/2015 6:00,1,op3
5/5/2015 6:00,1,op2
5/20/2015 6:00,1,op2
6/4/2015 6:00,1,op3
6/19/2015 6:00,1,op1
6/19/2015 6:00,1,op4
7/4/2015 6:00,1,op2
7/19/2015 6:00,1,op1
8/3/2015 6:00,1,op1
9/2/2015 6:00,1,op1
9/2/2015 6:00,1,op4
9/17/2015 6:00,1,op2
10/2/2015 6:00,1,op4
10/2/2015 6:00,1,op1
10/17/2015 6:00,1,op4
10/17/2015 6:00,1,op2
11/1/2015 6:00,1,op4
11/1/2015 6:00,1,op2
11/16/2015 6:00,1,op2
12/1/2015 6:00,1,op3
12/16/2015 6:00,1,op4
12/31/2015 6:00,1,op1
6/16/2014 6:00,2,op1
7/16/2014 6:00,2,op3
8/15/2014 6:00,2,op2
11/28/2014 6:00,2,op4
1/18/2015 6:00,2,op4
2/2/2015 6:00,2,op3
2/17/2015 6:00,2,op3
3/4/2015 6:00,2,op4
3/19/2015 6:00,2,op2
3/19/2015 6:00,2,op1
4/3/2015 6:00,2,op3
4/18/2015 6:00,2,op2
5/3/2015 6:00,2,op2
5/18/2015 6:00,2,op4
6/2/2015 6:00,2,op3
6/17/2015 6:00,2,op2
6/17/2015 6:00,2,op4
7/2/2015 6:00,2,op2
7/17/2015 6:00,2,op4
7/17/2015 6:00,2,op1
8/1/2015 6:00,2,op4
8/16/2015 6:00,2,op2
8/31/2015 6:00,2,op2
8/31/2015 6:00,2,op4
10/15/2015 6:00,2,op4
10/30/2015 6:00,2,op4
10/30/2015 6:00,2,op1
11/14/2015 6:00,2,op1
11/29/2015 6:00,2,op1
11/29/2015 6:00,2,op3
12/14/2015 6:00,2,op1
12/29/2015 6:00,2,op2
6/16/2014 6:00,3,op3
7/1/2014 6:00,3,op4
8/15/2014 6:00,3,op1
11/28/2014 6:00,3,op2
1/7/2015 6:00,3,op2
1/22/2015 6:00,3,op4
2/6/2015 6:00,3,op1
2/21/2015 6:00,3,op1
2/21/2015 6:00,3,op3
3/8/2015 6:00,3,op3
3/8/2015 6:00,3,op2
3/23/2015 6:00,3,op1
4/7/2015 6:00,3,op2
4/22/2015 6:00,3,op3
5/7/2015 6:00,3,op4
5/22/2015 6:00,3,op2
6/6/2015 6:00,3,op4
6/21/2015 6:00,3,op3
6/21/2015 6:00,3,op4
7/6/2015 6:00,3,op3
7/6/2015 6:00,3,op4
7/21/2015 6:00,3,op2
8/5/2015 6:00,3,op2
8/20/2015 6:00,3,op1
9/4/2015 6:00,3,op4
9/4/2015 6:00,3,op1
9/19/2015 6:00,3,op1
9/19/2015 6:00,3,op3
10/4/2015 6:00,3,op2
10/19/2015 6:00,3,op4
10/19/2015 6:00,3,op2
11/3/2015 6:00,3,op2
11/3/2015 6:00,3,op1
11/18/2015 6:00,3,op4
11/18/2015 6:00,3,op1
12/3/2015 6:00,3,op2
12/18/2015 6:00,3,op2
6/16/2014 6:00,4,op2
7/31/2014 6:00,4,op1
11/13/2014 6:00,4,op3
12/13/2014 6:00,4,op4
1/17/2015 6:00,4,op2
2/16/2015 6:00,4,op1
3/3/2015 6:00,4,op1
3/18/2015 6:00,4,op1
3/18/2015 6:00,4,op3
4/2/2015 6:00,4,op2
4/2/2015 6:00,4,op4
4/17/2015 6:00,4,op3
5/2/2015 6:00,4,op4
5/17/2015 6:00,4,op3
6/1/2015 6:00,4,op4
6/16/2015 6:00,4,op4
7/1/2015 6:00,4,op1
7/16/2015 6:00,4,op2
7/31/2015 6:00,4,op4
8/30/2015 6:00,4,op1
9/14/2015 6:00,4,op4
9/14/2015 6:00,4,op3
9/29/2015 6:00,4,op3
10/14/2015 6:00,4,op2
10/29/2015 6:00,4,op2
10/29/2015 6:00,4,op3
11/13/2015 6:00,4,op2
11/13/2015 6:00,4,op4
11/28/2015 6:00,4,op1
11/28/2015 6:00,4,op4
12/13/2015 6:00,4,op1
12/13/2015 6:00,4,op4
12/28/2015 6:00,4,op3
8/15/2014 6:00,5,op3
8/30/2014 6:00,5,op2
9/29/2014 6:00,5,op4
10/14/2014 6:00,5,op1
1/9/2015 6:00,5,op2
1/24/2015 6:00,5,op2
2/8/2015 6:00,5,op3
2/23/2015 6:00,5,op4
2/23/2015 6:00,5,op1
3/10/2015 6:00,5,op4
3/25/2015 6:00,5,op4
4/9/2015 6:00,5,op1
4/24/2015 6:00,5,op3
4/24/2015 6:00,5,op2
5/9/2015 6:00,5,op4
5/24/2015 6:00,5,op2
6/8/2015 6:00,5,op3
6/23/2015 6:00,5,op2
7/8/2015 6:00,5,op2
7/23/2015 6:00,5,op2
8/7/2015 6:00,5,op3
8/7/2015 6:00,5,op2
8/22/2015 6:00,5,op3
9/6/2015 6:00,5,op2
9/6/2015 6:00,5,op1
9/21/2015 6:00,5,op4
9/21/2015 6:00,5,op1
10/6/2015 6:00,5,op2
10/6/2015 6:00,5,op1
10/21/2015 6:00,5,op3
11/5/2015 6:00,5,op3
11/5/2015 6:00,5,op4
11/20/2015 6:00,5,op1
12/5/2015 6:00,5,op1
12/20/2015 6:00,5,op3
6/1/2014 6:00,6,op2
9/14/2014 6:00,6,op3
9/14/2014 6:00,6,op4
12/28/2014 6:00,6,op1
1/22/2015 6:00,6,op4
2/6/2015 6:00,6,op4
2/6/2015 6:00,6,op3
2/21/2015 6:00,6,op4
2/21/2015 6:00,6,op3
3/8/2015 6:00,6,op3
3/8/2015 6:00,6,op4
3/23/2015 6:00,6,op4
4/7/2015 6:00,6,op1
4/22/2015 6:00,6,op3
4/22/2015 6:00,6,op4
5/7/2015 6:00,6,op2
5/7/2015 6:00,6,op4
5/22/2015 6:00,6,op2
6/21/2015 6:00,6,op1
7/6/2015 6:00,6,op1
7/6/2015 6:00,6,op2
7/21/2015 6:00,6,op2
7/21/2015 6:00,6,op3
8/5/2015 6:00,6,op4
8/20/2015 6:00,6,op1
8/20/2015 6:00,6,op3
9/19/2015 6:00,6,op3
11/3/2015 6:00,6,op4
11/3/2015 6:00,6,op2
11/18/2015 6:00,6,op4
11/18/2015 6:00,6,op2
12/3/2015 6:00,6,op3
12/3/2015 6:00,6,op2
12/18/2015 6:00,6,op2
7/1/2014 6:00,7,op1
7/1/2014 6:00,7,op3
8/15/2014 6:00,7,op2
11/28/2014 6:00,7,op4
1/24/2015 6:00,7,op2
1/24/2015 6:00,7,op4
2/8/2015 6:00,7,op1
2/8/2015 6:00,7,op2
2/23/2015 6:00,7,op1
2/23/2015 6:00,7,op2
3/10/2015 6:00,7,op2
3/25/2015 6:00,7,op3
3/25/2015 6:00,7,op2
4/9/2015 6:00,7,op2
4/24/2015 6:00,7,op1
5/9/2015 6:00,7,op1
5/9/2015 6:00,7,op4
5/24/2015 6:00,7,op2
5/24/2015 6:00,7,op3
6/8/2015 6:00,7,op3
6/8/2015 6:00,7,op2
6/23/2015 6:00,7,op3
7/8/2015 6:00,7,op2
7/23/2015 6:00,7,op2
7/23/2015 6:00,7,op3
8/22/2015 6:00,7,op2
9/6/2015 6:00,7,op1
9/21/2015 6:00,7,op1
9/21/2015 6:00,7,op4
10/6/2015 6:00,7,op3
10/21/2015 6:00,7,op2
10/21/2015 6:00,7,op4
11/5/2015 6:00,7,op2
11/5/2015 6:00,7,op4
11/20/2015 6:00,7,op3
12/5/2015 6:00,7,op4
12/20/2015 6:00,7,op1
8/30/2014 6:00,8,op3
10/14/2014 6:00,8,op2
11/28/2014 6:00,8,op1
12/13/2014 6:00,8,op4
1/6/2015 6:00,8,op4
1/21/2015 6:00,8,op1
3/7/2015 6:00,8,op2
3/22/2015 6:00,8,op4
4/6/2015 6:00,8,op3
4/21/2015 6:00,8,op2
5/6/2015 6:00,8,op2
5/21/2015 6:00,8,op2
6/5/2015 6:00,8,op1
6/20/2015 6:00,8,op2
6/20/2015 6:00,8,op3
7/5/2015 6:00,8,op1
7/20/2015 6:00,8,op3
8/4/2015 6:00,8,op4
8/19/2015 6:00,8,op2
9/3/2015 6:00,8,op1
9/18/2015 6:00,8,op1
10/3/2015 6:00,8,op1
10/18/2015 6:00,8,op4
11/2/2015 6:00,8,op4
11/17/2015 6:00,8,op3
12/2/2015 6:00,8,op3
12/17/2015 6:00,8,op3
12/17/2015 6:00,8,op2
1/1/2016 6:00,8,op2
6/1/2014 6:00,9,op1
6/1/2014 6:00,9,op2
11/28/2014 6:00,9,op4
12/28/2014 6:00,9,op3
2/2/2015 6:00,9,op4
2/17/2015 6:00,9,op2
3/4/2015 6:00,9,op1
3/4/2015 6:00,9,op3
3/19/2015 6:00,9,op1
4/3/2015 6:00,9,op1
4/18/2015 6:00,9,op4
5/3/2015 6:00,9,op1
5/18/2015 6:00,9,op1
6/2/2015 6:00,9,op4
6/17/2015 6:00,9,op2
6/17/2015 6:00,9,op3
7/2/2015 6:00,9,op1
7/2/2015 6:00,9,op3
7/17/2015 6:00,9,op2
8/1/2015 6:00,9,op1
8/16/2015 6:00,9,op4
8/31/2015 6:00,9,op2
8/31/2015 6:00,9,op4
9/15/2015 6:00,9,op1
9/15/2015 6:00,9,op4
9/30/2015 6:00,9,op4
10/15/2015 6:00,9,op2
10/15/2015 6:00,9,op4
10/30/2015 6:00,9,op2
11/14/2015 6:00,9,op1
11/14/2015 6:00,9,op2
12/14/2015 6:00,9,op2
12/29/2015 6:00,9,op2
12/29/2015 6:00,9,op1
6/16/2014 6:00,10,op3
8/30/2014 6:00,10,op2
9/29/2014 6:00,10,op4
10/14/2014 6:00,10,op1
1/4/2015 6:00,10,op4
1/19/2015 6:00,10,op3
1/19/2015 6:00,10,op2
2/3/2015 6:00,10,op2
2/18/2015 6:00,10,op2
3/5/2015 6:00,10,op1
3/5/2015 6:00,10,op2
3/20/2015 6:00,10,op1
4/4/2015 6:00,10,op2
4/19/2015 6:00,10,op4
5/19/2015 6:00,10,op2
5/19/2015 6:00,10,op4
6/3/2015 6:00,10,op1
6/18/2015 6:00,10,op3
6/18/2015 6:00,10,op2
7/3/2015 6:00,10,op2
7/18/2015 6:00,10,op4
7/18/2015 6:00,10,op2
8/2/2015 6:00,10,op2
8/17/2015 6:00,10,op4
9/1/2015 6:00,10,op1
9/1/2015 6:00,10,op3
9/16/2015 6:00,10,op2
9/16/2015 6:00,10,op1
10/1/2015 6:00,10,op2
10/16/2015 6:00,10,op1
10/16/2015 6:00,10,op2
10/31/2015 6:00,10,op3
10/31/2015 6:00,10,op2
11/15/2015 6:00,10,op4
11/15/2015 6:00,10,op3
11/30/2015 6:00,10,op4
12/15/2015 6:00,10,op3
12/30/2015 6:00,10,op3
6/1/2014 6:00,11,op2
7/16/2014 6:00,11,op1
7/16/2014 6:00,11,op3
11/13/2014 6:00,11,op4
1/20/2015 6:00,11,op2
1/20/2015 6:00,11,op4
2/4/2015 6:00,11,op4
2/19/2015 6:00,11,op3
4/5/2015 6:00,11,op4
4/20/2015 6:00,11,op2
4/20/2015 6:00,11,op3
5/5/2015 6:00,11,op4
5/5/2015 6:00,11,op3
5/20/2015 6:00,11,op3
5/20/2015 6:00,11,op4
6/4/2015 6:00,11,op4
6/19/2015 6:00,11,op3
7/4/2015 6:00,11,op4
8/3/2015 6:00,11,op1
8/18/2015 6:00,11,op2
8/18/2015 6:00,11,op1
9/2/2015 6:00,11,op4
9/17/2015 6:00,11,op2
10/2/2015 6:00,11,op3
10/17/2015 6:00,11,op4
11/16/2015 6:00,11,op4
12/1/2015 6:00,11,op1
12/16/2015 6:00,11,op3
12/31/2015 6:00,11,op1
7/31/2014 6:00,12,op3
8/15/2014 6:00,12,op2
8/30/2014 6:00,12,op4
11/13/2014 6:00,12,op1
1/7/2015 6:00,12,op1
1/7/2015 6:00,12,op2
1/22/2015 6:00,12,op3
2/6/2015 6:00,12,op2
2/21/2015 6:00,12,op1
3/8/2015 6:00,12,op3
3/8/2015 6:00,12,op4
3/23/2015 6:00,12,op2
4/7/2015 6:00,12,op2
4/7/2015 6:00,12,op1
4/22/2015 6:00,12,op3
5/7/2015 6:00,12,op1
5/22/2015 6:00,12,op1
7/6/2015 6:00,12,op1
7/6/2015 6:00,12,op4
7/21/2015 6:00,12,op4
8/5/2015 6:00,12,op4
8/20/2015 6:00,12,op2
9/4/2015 6:00,12,op1
9/19/2015 6:00,12,op1
10/4/2015 6:00,12,op2
10/19/2015 6:00,12,op2
10/19/2015 6:00,12,op1
11/18/2015 6:00,12,op4
11/18/2015 6:00,12,op1
12/3/2015 6:00,12,op1
12/18/2015 6:00,12,op3
6/16/2014 6:00,13,op1
8/30/2014 6:00,13,op4
11/28/2014 6:00,13,op3
12/28/2014 6:00,13,op2
2/10/2015 6:00,13,op1
2/25/2015 6:00,13,op2
3/27/2015 6:00,13,op1
4/11/2015 6:00,13,op3
4/11/2015 6:00,13,op4
4/26/2015 6:00,13,op3
4/26/2015 6:00,13,op4
5/11/2015 6:00,13,op4
5/26/2015 6:00,13,op2
6/10/2015 6:00,13,op2
6/10/2015 6:00,13,op3
6/25/2015 6:00,13,op4
6/25/2015 6:00,13,op3
7/10/2015 6:00,13,op2
7/25/2015 6:00,13,op4
8/9/2015 6:00,13,op2
8/24/2015 6:00,13,op3
8/24/2015 6:00,13,op1
9/8/2015 6:00,13,op2
9/23/2015 6:00,13,op3
9/23/2015 6:00,13,op4
10/8/2015 6:00,13,op3
10/23/2015 6:00,13,op1
11/7/2015 6:00,13,op3
11/7/2015 6:00,13,op2
11/22/2015 6:00,13,op3
12/7/2015 6:00,13,op4
12/22/2015 6:00,13,op1
12/22/2015 6:00,13,op2
7/16/2014 6:00,14,op4
7/31/2014 6:00,14,op1
10/14/2014 6:00,14,op2
11/13/2014 6:00,14,op3
1/1/2015 6:00,14,op1
1/16/2015 6:00,14,op3
1/31/2015 6:00,14,op2
1/31/2015 6:00,14,op3
2/15/2015 6:00,14,op3
3/2/2015 6:00,14,op1
3/17/2015 6:00,14,op1
4/1/2015 6:00,14,op4
4/16/2015 6:00,14,op4
5/1/2015 6:00,14,op2
5/1/2015 6:00,14,op3
5/16/2015 6:00,14,op2
5/16/2015 6:00,14,op4
5/31/2015 6:00,14,op1
6/15/2015 6:00,14,op4
6/30/2015 6:00,14,op3
7/15/2015 6:00,14,op1
7/15/2015 6:00,14,op3
7/30/2015 6:00,14,op3
7/30/2015 6:00,14,op2
8/14/2015 6:00,14,op1
8/29/2015 6:00,14,op1
8/29/2015 6:00,14,op2
9/13/2015 6:00,14,op2
9/28/2015 6:00,14,op3
9/28/2015 6:00,14,op2
10/13/2015 6:00,14,op1
10/28/2015 6:00,14,op3
11/12/2015 6:00,14,op4
11/12/2015 6:00,14,op2
11/27/2015 6:00,14,op2
11/27/2015 6:00,14,op3
12/12/2015 6:00,14,op2
12/27/2015 6:00,14,op4
6/16/2014 6:00,15,op1
8/15/2014 6:00,15,op2
8/30/2014 6:00,15,op4
12/13/2014 6:00,15,op3
1/20/2015 6:00,15,op4
1/20/2015 6:00,15,op2
2/4/2015 6:00,15,op1
2/19/2015 6:00,15,op3
3/6/2015 6:00,15,op1
4/5/2015 6:00,15,op3
4/20/2015 6:00,15,op2
5/5/2015 6:00,15,op2
5/20/2015 6:00,15,op3
6/4/2015 6:00,15,op2
6/4/2015 6:00,15,op1
6/19/2015 6:00,15,op2
6/19/2015 6:00,15,op1
8/3/2015 6:00,15,op2
8/3/2015 6:00,15,op1
8/18/2015 6:00,15,op3
9/2/2015 6:00,15,op3
9/17/2015 6:00,15,op1
10/2/2015 6:00,15,op2
11/1/2015 6:00,15,op2
11/1/2015 6:00,15,op4
12/16/2015 6:00,15,op2
12/31/2015 6:00,15,op2
12/31/2015 6:00,15,op4
6/1/2014 6:00,16,op4
10/14/2014 6:00,16,op2
10/29/2014 6:00,16,op3
11/13/2014 6:00,16,op1
1/17/2015 6:00,16,op1
2/1/2015 6:00,16,op2
2/16/2015 6:00,16,op4
3/3/2015 6:00,16,op3
3/18/2015 6:00,16,op3
3/18/2015 6:00,16,op2
4/2/2015 6:00,16,op1
4/17/2015 6:00,16,op4
5/2/2015 6:00,16,op1
5/17/2015 6:00,16,op3
6/1/2015 6:00,16,op2
6/16/2015 6:00,16,op1
7/1/2015 6:00,16,op3
7/1/2015 6:00,16,op2
7/16/2015 6:00,16,op4
8/15/2015 6:00,16,op3
8/15/2015 6:00,16,op1
9/14/2015 6:00,16,op4
9/14/2015 6:00,16,op1
10/14/2015 6:00,16,op3
10/29/2015 6:00,16,op4
11/13/2015 6:00,16,op4
11/13/2015 6:00,16,op1
11/28/2015 6:00,16,op2
12/13/2015 6:00,16,op1
8/15/2014 6:00,17,op3
8/30/2014 6:00,17,op2
9/29/2014 6:00,17,op4
11/28/2014 6:00,17,op1
1/1/2015 6:00,17,op4
1/16/2015 6:00,17,op3
1/31/2015 6:00,17,op1
1/31/2015 6:00,17,op4
2/15/2015 6:00,17,op2
2/15/2015 6:00,17,op1
3/17/2015 6:00,17,op3
4/1/2015 6:00,17,op2
4/1/2015 6:00,17,op4
4/16/2015 6:00,17,op4
5/1/2015 6:00,17,op4
5/16/2015 6:00,17,op2
5/16/2015 6:00,17,op1
5/31/2015 6:00,17,op4
6/15/2015 6:00,17,op3
7/15/2015 6:00,17,op2
7/30/2015 6:00,17,op2
7/30/2015 6:00,17,op1
8/14/2015 6:00,17,op2
8/29/2015 6:00,17,op4
9/13/2015 6:00,17,op2
10/28/2015 6:00,17,op3
10/28/2015 6:00,17,op4
11/12/2015 6:00,17,op3
11/27/2015 6:00,17,op3
11/27/2015 6:00,17,op2
12/12/2015 6:00,17,op3
12/27/2015 6:00,17,op1
6/1/2014 6:00,18,op3
6/16/2014 6:00,18,op4
8/15/2014 6:00,18,op2
11/28/2014 6:00,18,op1
1/30/2015 6:00,18,op4
2/14/2015 6:00,18,op4
2/14/2015 6:00,18,op2
3/1/2015 6:00,18,op2
3/31/2015 6:00,18,op1
4/15/2015 6:00,18,op1
4/15/2015 6:00,18,op3
5/15/2015 6:00,18,op2
5/15/2015 6:00,18,op4
5/30/2015 6:00,18,op3
6/29/2015 6:00,18,op2
7/14/2015 6:00,18,op3
7/29/2015 6:00,18,op2
7/29/2015 6:00,18,op3
8/13/2015 6:00,18,op1
8/13/2015 6:00,18,op2
8/28/2015 6:00,18,op4
9/12/2015 6:00,18,op4
9/12/2015 6:00,18,op2
10/12/2015 6:00,18,op1
10/27/2015 6:00,18,op4
11/11/2015 6:00,18,op3
11/26/2015 6:00,18,op3
12/26/2015 6:00,18,op1
6/1/2014 6:00,19,op4
7/1/2014 6:00,19,op1
8/15/2014 6:00,19,op2
12/13/2014 6:00,19,op3
1/13/2015 6:00,19,op1
1/28/2015 6:00,19,op1
1/28/2015 6:00,19,op2
2/12/2015 6:00,19,op1
2/27/2015 6:00,19,op4
3/14/2015 6:00,19,op3
4/13/2015 6:00,19,op1
4/13/2015 6:00,19,op4
4/28/2015 6:00,19,op2
4/28/2015 6:00,19,op3
5/13/2015 6:00,19,op1
5/13/2015 6:00,19,op2
5/28/2015 6:00,19,op1
5/28/2015 6:00,19,op2
6/12/2015 6:00,19,op1
6/27/2015 6:00,19,op4
6/27/2015 6:00,19,op2
7/12/2015 6:00,19,op1
7/27/2015 6:00,19,op3
8/11/2015 6:00,19,op1
8/11/2015 6:00,19,op3
8/26/2015 6:00,19,op3
9/10/2015 6:00,19,op4
9/25/2015 6:00,19,op2
10/10/2015 6:00,19,op2
10/10/2015 6:00,19,op3
10/25/2015 6:00,19,op2
11/24/2015 6:00,19,op4
12/9/2015 6:00,19,op1
12/24/2015 6:00,19,op1
6/1/2014 6:00,20,op1
6/1/2014 6:00,20,op2
7/1/2014 6:00,20,op4
10/29/2014 6:00,20,op3
1/4/2015 6:00,20,op2
1/19/2015 6:00,20,op4
2/3/2015 6:00,20,op2
2/3/2015 6:00,20,op3
2/18/2015 6:00,20,op3
3/5/2015 6:00,20,op1
3/20/2015 6:00,20,op1
3/20/2015 6:00,20,op2
4/4/2015 6:00,20,op1
4/4/2015 6:00,20,op3
4/19/2015 6:00,20,op4
4/19/2015 6:00,20,op3
5/4/2015 6:00,20,op4
6/18/2015 6:00,20,op2
7/3/2015 6:00,20,op2
7/18/2015 6:00,20,op1
8/2/2015 6:00,20,op2
8/2/2015 6:00,20,op1
8/17/2015 6:00,20,op4
9/1/2015 6:00,20,op4
9/16/2015 6:00,20,op1
10/1/2015 6:00,20,op2
10/16/2015 6:00,20,op1
10/31/2015 6:00,20,op3
11/15/2015 6:00,20,op2
11/15/2015 6:00,20,op3
11/30/2015 6:00,20,op3
12/15/2015 6:00,20,op1
12/30/2015 6:00,20,op4
6/1/2014 6:00,21,op3
9/14/2014 6:00,21,op4
9/29/2014 6:00,21,op2
11/28/2014 6:00,21,op1
1/23/2015 6:00,21,op3
2/22/2015 6:00,21,op1
3/9/2015 6:00,21,op2
4/8/2015 6:00,21,op4
4/23/2015 6:00,21,op2
5/8/2015 6:00,21,op1
6/7/2015 6:00,21,op2
6/7/2015 6:00,21,op1
6/22/2015 6:00,21,op2
7/7/2015 6:00,21,op2
7/7/2015 6:00,21,op1
8/6/2015 6:00,21,op4
8/6/2015 6:00,21,op2
8/21/2015 6:00,21,op2
9/5/2015 6:00,21,op3
9/20/2015 6:00,21,op4
10/5/2015 6:00,21,op3
10/5/2015 6:00,21,op2
10/20/2015 6:00,21,op1
11/4/2015 6:00,21,op4
11/19/2015 6:00,21,op4
12/4/2015 6:00,21,op2
12/4/2015 6:00,21,op4
12/19/2015 6:00,21,op3
12/19/2015 6:00,21,op2
6/16/2014 6:00,22,op3
8/15/2014 6:00,22,op2
12/13/2014 6:00,22,op4
12/28/2014 6:00,22,op1
1/7/2015 6:00,22,op2
1/22/2015 6:00,22,op1
2/6/2015 6:00,22,op1
2/6/2015 6:00,22,op3
2/21/2015 6:00,22,op1
3/8/2015 6:00,22,op1
3/23/2015 6:00,22,op2
3/23/2015 6:00,22,op4
4/7/2015 6:00,22,op3
4/22/2015 6:00,22,op2
5/7/2015 6:00,22,op2
5/22/2015 6:00,22,op3
5/22/2015 6:00,22,op1
6/6/2015 6:00,22,op1
6/21/2015 6:00,22,op1
6/21/2015 6:00,22,op4
7/6/2015 6:00,22,op1
7/6/2015 6:00,22,op2
8/5/2015 6:00,22,op4
8/20/2015 6:00,22,op3
9/4/2015 6:00,22,op1
9/19/2015 6:00,22,op2
10/4/2015 6:00,22,op2
10/19/2015 6:00,22,op2
11/3/2015 6:00,22,op3
11/3/2015 6:00,22,op2
11/18/2015 6:00,22,op4
11/18/2015 6:00,22,op1
12/3/2015 6:00,22,op3
10/14/2014 6:00,23,op3
10/14/2014 6:00,23,op4
11/28/2014 6:00,23,op1
11/28/2014 6:00,23,op2
1/5/2015 6:00,23,op2
1/20/2015 6:00,23,op4
2/4/2015 6:00,23,op1
3/21/2015 6:00,23,op4
4/5/2015 6:00,23,op1
4/5/2015 6:00,23,op4
4/20/2015 6:00,23,op1
5/5/2015 6:00,23,op1
5/5/2015 6:00,23,op4
5/20/2015 6:00,23,op2
6/4/2015 6:00,23,op3
6/19/2015 6:00,23,op3
7/4/2015 6:00,23,op1
7/19/2015 6:00,23,op2
8/3/2015 6:00,23,op3
8/18/2015 6:00,23,op3
8/18/2015 6:00,23,op1
9/2/2015 6:00,23,op1
9/2/2015 6:00,23,op2
10/2/2015 6:00,23,op1
10/2/2015 6:00,23,op3
10/17/2015 6:00,23,op4
11/1/2015 6:00,23,op2
11/16/2015 6:00,23,op3
11/16/2015 6:00,23,op1
12/1/2015 6:00,23,op1
12/16/2015 6:00,23,op4
12/31/2015 6:00,23,op1
7/1/2014 6:00,24,op2
8/15/2014 6:00,24,op4
9/14/2014 6:00,24,op1
10/14/2014 6:00,24,op3
1/2/2015 6:00,24,op2
1/2/2015 6:00,24,op1
1/17/2015 6:00,24,op2
2/1/2015 6:00,24,op2
2/16/2015 6:00,24,op1
3/18/2015 6:00,24,op1
3/18/2015 6:00,24,op2
4/2/2015 6:00,24,op4
4/17/2015 6:00,24,op3
5/2/2015 6:00,24,op4
5/17/2015 6:00,24,op1
6/1/2015 6:00,24,op2
6/1/2015 6:00,24,op4
6/16/2015 6:00,24,op1
7/1/2015 6:00,24,op3
7/16/2015 6:00,24,op2
7/16/2015 6:00,24,op1
7/31/2015 6:00,24,op3
7/31/2015 6:00,24,op4
8/15/2015 6:00,24,op3
8/15/2015 6:00,24,op2
8/30/2015 6:00,24,op2
8/30/2015 6:00,24,op4
9/14/2015 6:00,24,op2
9/29/2015 6:00,24,op1
10/14/2015 6:00,24,op3
10/29/2015 6:00,24,op2
11/13/2015 6:00,24,op1
11/13/2015 6:00,24,op4
11/28/2015 6:00,24,op1
11/28/2015 6:00,24,op3
12/13/2015 6:00,24,op3
12/28/2015 6:00,24,op3
12/28/2015 6:00,24,op1
6/16/2014 6:00,25,op3
9/29/2014 6:00,25,op1
9/29/2014 6:00,25,op4
11/28/2014 6:00,25,op2
2/3/2015 6:00,25,op2
2/3/2015 6:00,25,op3
3/5/2015 6:00,25,op2
3/5/2015 6:00,25,op1
3/20/2015 6:00,25,op3
4/4/2015 6:00,25,op1
4/19/2015 6:00,25,op3
5/4/2015 6:00,25,op4
5/19/2015 6:00,25,op3
6/3/2015 6:00,25,op1
6/3/2015 6:00,25,op2
6/18/2015 6:00,25,op1
7/18/2015 6:00,25,op1
8/2/2015 6:00,25,op1
8/17/2015 6:00,25,op4
8/17/2015 6:00,25,op2
9/1/2015 6:00,25,op3
9/16/2015 6:00,25,op1
9/16/2015 6:00,25,op3
10/1/2015 6:00,25,op1
10/31/2015 6:00,25,op3
10/31/2015 6:00,25,op2
11/30/2015 6:00,25,op4
12/30/2015 6:00,25,op1
12/30/2015 6:00,25,op3
6/1/2014 6:00,26,op2
6/16/2014 6:00,26,op3
10/14/2014 6:00,26,op1
11/28/2014 6:00,26,op4
1/21/2015 6:00,26,op3
2/5/2015 6:00,26,op4
3/7/2015 6:00,26,op2
3/22/2015 6:00,26,op3
4/6/2015 6:00,26,op1
5/6/2015 6:00,26,op2
5/6/2015 6:00,26,op4
5/21/2015 6:00,26,op2
6/5/2015 6:00,26,op2
6/5/2015 6:00,26,op1
6/20/2015 6:00,26,op4
6/20/2015 6:00,26,op3
7/5/2015 6:00,26,op3
7/5/2015 6:00,26,op1
7/20/2015 6:00,26,op4
8/4/2015 6:00,26,op4
8/19/2015 6:00,26,op2
8/19/2015 6:00,26,op4
9/3/2015 6:00,26,op1
9/18/2015 6:00,26,op3
10/3/2015 6:00,26,op3
10/18/2015 6:00,26,op3
10/18/2015 6:00,26,op2
11/2/2015 6:00,26,op1
11/2/2015 6:00,26,op4
11/17/2015 6:00,26,op2
11/17/2015 6:00,26,op4
12/2/2015 6:00,26,op2
12/17/2015 6:00,26,op4
1/1/2016 6:00,26,op1
8/15/2014 6:00,27,op1
9/29/2014 6:00,27,op4
10/29/2014 6:00,27,op3
12/13/2014 6:00,27,op2
1/10/2015 6:00,27,op2
1/10/2015 6:00,27,op3
1/25/2015 6:00,27,op1
1/25/2015 6:00,27,op4
2/9/2015 6:00,27,op3
2/24/2015 6:00,27,op4
2/24/2015 6:00,27,op2
3/11/2015 6:00,27,op2
3/26/2015 6:00,27,op2
4/25/2015 6:00,27,op3
4/25/2015 6:00,27,op4
5/10/2015 6:00,27,op3
5/25/2015 6:00,27,op3
6/9/2015 6:00,27,op2
6/9/2015 6:00,27,op3
6/24/2015 6:00,27,op2
6/24/2015 6:00,27,op4
7/9/2015 6:00,27,op3
7/9/2015 6:00,27,op1
8/8/2015 6:00,27,op1
8/8/2015 6:00,27,op4
8/23/2015 6:00,27,op3
9/7/2015 6:00,27,op1
9/22/2015 6:00,27,op3
9/22/2015 6:00,27,op2
10/7/2015 6:00,27,op2
10/22/2015 6:00,27,op4
10/22/2015 6:00,27,op1
11/6/2015 6:00,27,op1
11/6/2015 6:00,27,op3
11/21/2015 6:00,27,op4
12/6/2015 6:00,27,op3
12/6/2015 6:00,27,op4
12/21/2015 6:00,27,op4
6/16/2014 6:00,28,op1
7/1/2014 6:00,28,op3
9/14/2014 6:00,28,op4
9/29/2014 6:00,28,op2
1/31/2015 6:00,28,op2
2/15/2015 6:00,28,op2
3/2/2015 6:00,28,op4
3/17/2015 6:00,28,op2
4/1/2015 6:00,28,op2
4/16/2015 6:00,28,op3
5/1/2015 6:00,28,op1
5/16/2015 6:00,28,op1
5/16/2015 6:00,28,op3
5/31/2015 6:00,28,op4
5/31/2015 6:00,28,op1
6/15/2015 6:00,28,op2
6/15/2015 6:00,28,op3
6/30/2015 6:00,28,op4
7/15/2015 6:00,28,op4
7/30/2015 6:00,28,op4
8/14/2015 6:00,28,op1
8/14/2015 6:00,28,op3
9/13/2015 6:00,28,op4
9/28/2015 6:00,28,op4
10/13/2015 6:00,28,op1
10/28/2015 6:00,28,op4
11/27/2015 6:00,28,op3
11/27/2015 6:00,28,op4
12/12/2015 6:00,28,op4
12/27/2015 6:00,28,op4
12/27/2015 6:00,28,op1
7/16/2014 6:00,29,op3
8/15/2014 6:00,29,op4
10/29/2014 6:00,29,op1
12/28/2014 6:00,29,op2
1/2/2015 6:00,29,op2
1/17/2015 6:00,29,op3
2/1/2015 6:00,29,op3
2/16/2015 6:00,29,op2
3/3/2015 6:00,29,op1
3/3/2015 6:00,29,op3
3/18/2015 6:00,29,op4
4/2/2015 6:00,29,op4
4/17/2015 6:00,29,op3
5/2/2015 6:00,29,op2
6/1/2015 6:00,29,op2
6/1/2015 6:00,29,op4
6/16/2015 6:00,29,op1
7/1/2015 6:00,29,op1
7/16/2015 6:00,29,op3
7/16/2015 6:00,29,op1
7/31/2015 6:00,29,op3
7/31/2015 6:00,29,op4
8/15/2015 6:00,29,op2
8/30/2015 6:00,29,op2
9/29/2015 6:00,29,op2
10/14/2015 6:00,29,op4
10/14/2015 6:00,29,op3
10/29/2015 6:00,29,op1
11/13/2015 6:00,29,op3
11/28/2015 6:00,29,op3
11/28/2015 6:00,29,op2
12/13/2015 6:00,29,op4
12/13/2015 6:00,29,op2
12/28/2015 6:00,29,op3
7/1/2014 6:00,30,op1
7/1/2014 6:00,30,op4
7/31/2014 6:00,30,op3
11/28/2014 6:00,30,op2
1/9/2015 6:00,30,op4
1/24/2015 6:00,30,op4
2/8/2015 6:00,30,op2
2/8/2015 6:00,30,op4
2/23/2015 6:00,30,op2
3/10/2015 6:00,30,op3
3/25/2015 6:00,30,op4
4/9/2015 6:00,30,op3
4/9/2015 6:00,30,op2
4/24/2015 6:00,30,op4
5/9/2015 6:00,30,op4
5/24/2015 6:00,30,op4
5/24/2015 6:00,30,op3
6/8/2015 6:00,30,op2
6/8/2015 6:00,30,op4
6/23/2015 6:00,30,op2
6/23/2015 6:00,30,op3
7/8/2015 6:00,30,op2
8/7/2015 6:00,30,op4
8/7/2015 6:00,30,op2
8/22/2015 6:00,30,op4
9/6/2015 6:00,30,op4
9/6/2015 6:00,30,op2
9/21/2015 6:00,30,op4
10/6/2015 6:00,30,op4
10/6/2015 6:00,30,op3
10/21/2015 6:00,30,op3
11/5/2015 6:00,30,op1
11/20/2015 6:00,30,op3
12/5/2015 6:00,30,op4
12/5/2015 6:00,30,op2
12/20/2015 6:00,30,op4
12/20/2015 6:00,30,op2
7/16/2014 6:00,31,op1
8/15/2014 6:00,31,op2
8/15/2014 6:00,31,op4
9/29/2014 6:00,31,op3
1/22/2015 6:00,31,op1
2/6/2015 6:00,31,op2
2/21/2015 6:00,31,op4
3/8/2015 6:00,31,op4
3/23/2015 6:00,31,op3
4/7/2015 6:00,31,op4
4/7/2015 6:00,31,op3
4/22/2015 6:00,31,op3
5/7/2015 6:00,31,op4
5/22/2015 6:00,31,op4
5/22/2015 6:00,31,op1
6/6/2015 6:00,31,op4
6/21/2015 6:00,31,op4
6/21/2015 6:00,31,op1
7/6/2015 6:00,31,op1
7/6/2015 6:00,31,op3
7/21/2015 6:00,31,op2
8/5/2015 6:00,31,op1
8/20/2015 6:00,31,op4
8/20/2015 6:00,31,op2
9/4/2015 6:00,31,op3
9/19/2015 6:00,31,op4
10/19/2015 6:00,31,op2
11/3/2015 6:00,31,op4
11/3/2015 6:00,31,op2
11/18/2015 6:00,31,op1
11/18/2015 6:00,31,op3
12/18/2015 6:00,31,op1
7/31/2014 6:00,32,op3
9/14/2014 6:00,32,op1
10/14/2014 6:00,32,op4
12/13/2014 6:00,32,op2
1/10/2015 6:00,32,op1
1/25/2015 6:00,32,op1
2/9/2015 6:00,32,op4
2/24/2015 6:00,32,op4
2/24/2015 6:00,32,op2
3/11/2015 6:00,32,op3
3/11/2015 6:00,32,op1
4/10/2015 6:00,32,op4
4/10/2015 6:00,32,op1
4/25/2015 6:00,32,op1
5/10/2015 6:00,32,op2
5/25/2015 6:00,32,op1
6/9/2015 6:00,32,op3
6/24/2015 6:00,32,op2
6/24/2015 6:00,32,op4
7/9/2015 6:00,32,op3
7/9/2015 6:00,32,op2
7/24/2015 6:00,32,op2
8/8/2015 6:00,32,op1
8/23/2015 6:00,32,op2
9/7/2015 6:00,32,op2
9/7/2015 6:00,32,op3
9/22/2015 6:00,32,op4
9/22/2015 6:00,32,op3
10/7/2015 6:00,32,op4
11/6/2015 6:00,32,op1
11/21/2015 6:00,32,op1
12/6/2015 6:00,32,op3
12/21/2015 6:00,32,op1
12/21/2015 6:00,32,op3
8/30/2014 6:00,33,op2
9/14/2014 6:00,33,op1
10/14/2014 6:00,33,op4
11/28/2014 6:00,33,op3
1/31/2015 6:00,33,op1
1/31/2015 6:00,33,op4
2/15/2015 6:00,33,op3
2/15/2015 6:00,33,op1
3/2/2015 6:00,33,op2
3/17/2015 6:00,33,op2
4/1/2015 6:00,33,op4
4/1/2015 6:00,33,op2
4/16/2015 6:00,33,op3
5/1/2015 6:00,33,op2
5/31/2015 6:00,33,op2
6/15/2015 6:00,33,op4
7/15/2015 6:00,33,op4
7/15/2015 6:00,33,op2
7/30/2015 6:00,33,op1
8/29/2015 6:00,33,op4
8/29/2015 6:00,33,op3
9/13/2015 6:00,33,op3
9/28/2015 6:00,33,op2
10/13/2015 6:00,33,op2
11/12/2015 6:00,33,op2
11/12/2015 6:00,33,op3
11/27/2015 6:00,33,op1
11/27/2015 6:00,33,op2
12/12/2015 6:00,33,op2
12/12/2015 6:00,33,op3
12/27/2015 6:00,33,op2
6/16/2014 6:00,34,op4
7/31/2014 6:00,34,op1
9/14/2014 6:00,34,op2
9/29/2014 6:00,34,op3
1/1/2015 6:00,34,op1
1/1/2015 6:00,34,op2
1/31/2015 6:00,34,op4
2/15/2015 6:00,34,op3
3/2/2015 6:00,34,op3
3/17/2015 6:00,34,op4
4/1/2015 6:00,34,op4
4/16/2015 6:00,34,op1
5/1/2015 6:00,34,op3
5/16/2015 6:00,34,op3
5/16/2015 6:00,34,op4
5/31/2015 6:00,34,op4
5/31/2015 6:00,34,op3
6/15/2015 6:00,34,op4
7/30/2015 6:00,34,op1
7/30/2015 6:00,34,op2
8/14/2015 6:00,34,op3
8/14/2015 6:00,34,op1
8/29/2015 6:00,34,op3
8/29/2015 6:00,34,op4
9/13/2015 6:00,34,op3
9/28/2015 6:00,34,op1
10/28/2015 6:00,34,op2
11/12/2015 6:00,34,op3
11/12/2015 6:00,34,op1
11/27/2015 6:00,34,op4
12/12/2015 6:00,34,op2
12/27/2015 6:00,34,op2
6/16/2014 6:00,35,op4
7/31/2014 6:00,35,op2
10/14/2014 6:00,35,op3
12/13/2014 6:00,35,op1
1/6/2015 6:00,35,op4
2/5/2015 6:00,35,op3
2/20/2015 6:00,35,op1
3/7/2015 6:00,35,op1
3/7/2015 6:00,35,op2
3/22/2015 6:00,35,op4
4/6/2015 6:00,35,op3
4/21/2015 6:00,35,op3
5/6/2015 6:00,35,op3
5/6/2015 6:00,35,op4
5/21/2015 6:00,35,op4
5/21/2015 6:00,35,op1
6/5/2015 6:00,35,op3
6/5/2015 6:00,35,op1
6/20/2015 6:00,35,op4
7/5/2015 6:00,35,op4
7/5/2015 6:00,35,op3
7/20/2015 6:00,35,op4
7/20/2015 6:00,35,op2
8/4/2015 6:00,35,op4
8/4/2015 6:00,35,op1
8/19/2015 6:00,35,op2
9/18/2015 6:00,35,op1
9/18/2015 6:00,35,op4
10/3/2015 6:00,35,op4
11/2/2015 6:00,35,op4
11/17/2015 6:00,35,op4
12/2/2015 6:00,35,op2
12/17/2015 6:00,35,op4
12/17/2015 6:00,35,op2
1/1/2016 6:00,35,op2
7/16/2014 6:00,36,op1
7/16/2014 6:00,36,op4
9/29/2014 6:00,36,op2
10/14/2014 6:00,36,op3
1/22/2015 6:00,36,op4
2/6/2015 6:00,36,op4
2/21/2015 6:00,36,op1
2/21/2015 6:00,36,op3
3/8/2015 6:00,36,op1
4/7/2015 6:00,36,op4
4/7/2015 6:00,36,op1
4/22/2015 6:00,36,op3
5/7/2015 6:00,36,op4
5/7/2015 6:00,36,op3
5/22/2015 6:00,36,op3
6/6/2015 6:00,36,op1
6/6/2015 6:00,36,op4
6/21/2015 6:00,36,op2
6/21/2015 6:00,36,op3
7/6/2015 6:00,36,op3
7/6/2015 6:00,36,op2
7/21/2015 6:00,36,op3
8/5/2015 6:00,36,op3
8/20/2015 6:00,36,op4
9/4/2015 6:00,36,op3
9/4/2015 6:00,36,op2
9/19/2015 6:00,36,op4
10/4/2015 6:00,36,op3
10/4/2015 6:00,36,op4
10/19/2015 6:00,36,op3
11/18/2015 6:00,36,op4
11/18/2015 6:00,36,op2
12/3/2015 6:00,36,op4
12/18/2015 6:00,36,op4
6/1/2014 6:00,37,op2
8/15/2014 6:00,37,op4
8/30/2014 6:00,37,op3
9/29/2014 6:00,37,op1
1/4/2015 6:00,37,op4
1/19/2015 6:00,37,op4
1/19/2015 6:00,37,op2
2/3/2015 6:00,37,op4
2/3/2015 6:00,37,op3
2/18/2015 6:00,37,op1
2/18/2015 6:00,37,op4
3/5/2015 6:00,37,op3
3/5/2015 6:00,37,op4
3/20/2015 6:00,37,op1
3/20/2015 6:00,37,op2
4/4/2015 6:00,37,op2
4/19/2015 6:00,37,op4
4/19/2015 6:00,37,op1
5/19/2015 6:00,37,op3
6/3/2015 6:00,37,op4
6/18/2015 6:00,37,op1
7/3/2015 6:00,37,op3
7/18/2015 6:00,37,op3
7/18/2015 6:00,37,op4
8/2/2015 6:00,37,op3
8/17/2015 6:00,37,op2
9/1/2015 6:00,37,op3
9/16/2015 6:00,37,op3
9/16/2015 6:00,37,op2
10/1/2015 6:00,37,op2
10/1/2015 6:00,37,op4
11/15/2015 6:00,37,op2
11/30/2015 6:00,37,op3
12/15/2015 6:00,37,op4
12/30/2015 6:00,37,op1
7/16/2014 6:00,38,op2
10/14/2014 6:00,38,op1
10/29/2014 6:00,38,op4
11/28/2014 6:00,38,op3
1/17/2015 6:00,38,op4
2/1/2015 6:00,38,op4
2/16/2015 6:00,38,op1
2/16/2015 6:00,38,op4
3/3/2015 6:00,38,op3
3/18/2015 6:00,38,op1
4/2/2015 6:00,38,op2
4/17/2015 6:00,38,op4
4/17/2015 6:00,38,op3
5/2/2015 6:00,38,op3
5/2/2015 6:00,38,op4
5/17/2015 6:00,38,op4
5/17/2015 6:00,38,op3
6/16/2015 6:00,38,op4
7/1/2015 6:00,38,op2
7/16/2015 6:00,38,op3
7/31/2015 6:00,38,op2
8/30/2015 6:00,38,op4
9/14/2015 6:00,38,op3
9/29/2015 6:00,38,op4
10/14/2015 6:00,38,op4
10/14/2015 6:00,38,op3
10/29/2015 6:00,38,op1
12/13/2015 6:00,38,op1
12/13/2015 6:00,38,op4
6/1/2014 6:00,39,op1
6/16/2014 6:00,39,op4
10/29/2014 6:00,39,op3
11/28/2014 6:00,39,op2
1/31/2015 6:00,39,op3
1/31/2015 6:00,39,op4
2/15/2015 6:00,39,op2
3/2/2015 6:00,39,op1
3/17/2015 6:00,39,op4
4/1/2015 6:00,39,op2
4/1/2015 6:00,39,op4
4/16/2015 6:00,39,op4
4/16/2015 6:00,39,op2
5/1/2015 6:00,39,op2
5/16/2015 6:00,39,op1
5/31/2015 6:00,39,op2
6/15/2015 6:00,39,op2
6/30/2015 6:00,39,op2
7/30/2015 6:00,39,op3
7/30/2015 6:00,39,op1
8/14/2015 6:00,39,op3
8/29/2015 6:00,39,op1
9/13/2015 6:00,39,op2
9/13/2015 6:00,39,op4
10/13/2015 6:00,39,op1
10/13/2015 6:00,39,op2
11/12/2015 6:00,39,op3
11/12/2015 6:00,39,op1
11/27/2015 6:00,39,op3
11/27/2015 6:00,39,op2
12/12/2015 6:00,39,op1
12/27/2015 6:00,39,op1
12/27/2015 6:00,39,op2
6/1/2014 6:00,40,op2
8/15/2014 6:00,40,op3
10/14/2014 6:00,40,op1
11/28/2014 6:00,40,op4
1/4/2015 6:00,40,op4
1/4/2015 6:00,40,op3
1/19/2015 6:00,40,op3
1/19/2015 6:00,40,op4
2/3/2015 6:00,40,op2
2/18/2015 6:00,40,op2
2/18/2015 6:00,40,op1
3/5/2015 6:00,40,op2
4/4/2015 6:00,40,op1
4/19/2015 6:00,40,op1
5/4/2015 6:00,40,op4
6/3/2015 6:00,40,op3
6/3/2015 6:00,40,op4
6/18/2015 6:00,40,op2
7/3/2015 6:00,40,op1
7/3/2015 6:00,40,op2
7/18/2015 6:00,40,op2
7/18/2015 6:00,40,op4
8/2/2015 6:00,40,op4
8/17/2015 6:00,40,op4
8/17/2015 6:00,40,op2
9/1/2015 6:00,40,op4
9/16/2015 6:00,40,op4
9/16/2015 6:00,40,op1
10/31/2015 6:00,40,op2
11/15/2015 6:00,40,op2
11/30/2015 6:00,40,op1
12/15/2015 6:00,40,op3
12/30/2015 6:00,40,op4
12/30/2015 6:00,40,op3
6/1/2014 6:00,41,op2
7/31/2014 6:00,41,op4
8/15/2014 6:00,41,op3
9/29/2014 6:00,41,op1
1/17/2015 6:00,41,op2
2/1/2015 6:00,41,op1
3/3/2015 6:00,41,op1
3/18/2015 6:00,41,op4
3/18/2015 6:00,41,op2
4/17/2015 6:00,41,op3
5/2/2015 6:00,41,op1
5/17/2015 6:00,41,op3
5/17/2015 6:00,41,op4
6/1/2015 6:00,41,op3
6/1/2015 6:00,41,op2
6/16/2015 6:00,41,op4
6/16/2015 6:00,41,op3
7/1/2015 6:00,41,op3
7/16/2015 6:00,41,op3
7/31/2015 6:00,41,op4
7/31/2015 6:00,41,op3
8/15/2015 6:00,41,op1
8/30/2015 6:00,41,op3
9/14/2015 6:00,41,op1
9/14/2015 6:00,41,op3
9/29/2015 6:00,41,op3
9/29/2015 6:00,41,op4
10/29/2015 6:00,41,op1
10/29/2015 6:00,41,op4
11/13/2015 6:00,41,op1
11/13/2015 6:00,41,op3
11/28/2015 6:00,41,op4
12/28/2015 6:00,41,op1
12/28/2015 6:00,41,op4
7/1/2014 6:00,42,op3
7/16/2014 6:00,42,op4
9/14/2014 6:00,42,op1
10/29/2014 6:00,42,op2
1/21/2015 6:00,42,op1
1/21/2015 6:00,42,op4
2/5/2015 6:00,42,op2
2/5/2015 6:00,42,op4
2/20/2015 6:00,42,op4
3/7/2015 6:00,42,op4
3/7/2015 6:00,42,op2
3/22/2015 6:00,42,op2
4/6/2015 6:00,42,op2
4/6/2015 6:00,42,op3
4/21/2015 6:00,42,op2
4/21/2015 6:00,42,op3
5/6/2015 6:00,42,op1
5/6/2015 6:00,42,op4
5/21/2015 6:00,42,op4
6/5/2015 6:00,42,op2
6/20/2015 6:00,42,op2
6/20/2015 6:00,42,op3
7/5/2015 6:00,42,op1
7/20/2015 6:00,42,op4
8/4/2015 6:00,42,op4
8/19/2015 6:00,42,op2
9/3/2015 6:00,42,op1
9/3/2015 6:00,42,op2
9/18/2015 6:00,42,op3
9/18/2015 6:00,42,op4
10/3/2015 6:00,42,op4
10/3/2015 6:00,42,op1
10/18/2015 6:00,42,op3
11/2/2015 6:00,42,op1
11/17/2015 6:00,42,op2
12/2/2015 6:00,42,op1
12/17/2015 6:00,42,op3
1/1/2016 6:00,42,op4
6/16/2014 6:00,43,op2
7/16/2014 6:00,43,op1
7/31/2014 6:00,43,op3
10/29/2014 6:00,43,op4
1/21/2015 6:00,43,op2
2/5/2015 6:00,43,op1
2/20/2015 6:00,43,op2
2/20/2015 6:00,43,op4
3/7/2015 6:00,43,op3
3/22/2015 6:00,43,op2
3/22/2015 6:00,43,op4
4/6/2015 6:00,43,op1
4/21/2015 6:00,43,op2
4/21/2015 6:00,43,op4
5/6/2015 6:00,43,op4
5/6/2015 6:00,43,op3
5/21/2015 6:00,43,op4
5/21/2015 6:00,43,op2
6/5/2015 6:00,43,op1
6/5/2015 6:00,43,op2
6/20/2015 6:00,43,op2
7/5/2015 6:00,43,op2
7/20/2015 6:00,43,op1
8/4/2015 6:00,43,op2
8/19/2015 6:00,43,op3
9/18/2015 6:00,43,op2
10/3/2015 6:00,43,op4
10/18/2015 6:00,43,op4
11/2/2015 6:00,43,op1
11/2/2015 6:00,43,op4
11/17/2015 6:00,43,op2
12/2/2015 6:00,43,op1
12/17/2015 6:00,43,op2
1/1/2016 6:00,43,op1
6/16/2014 6:00,44,op3
7/16/2014 6:00,44,op2
8/30/2014 6:00,44,op1
12/13/2014 6:00,44,op4
1/30/2015 6:00,44,op2
1/30/2015 6:00,44,op3
2/14/2015 6:00,44,op3
3/1/2015 6:00,44,op4
3/16/2015 6:00,44,op2
3/31/2015 6:00,44,op1
3/31/2015 6:00,44,op4
4/15/2015 6:00,44,op1
4/30/2015 6:00,44,op1
5/30/2015 6:00,44,op3
6/14/2015 6:00,44,op1
6/29/2015 6:00,44,op2
6/29/2015 6:00,44,op1
7/14/2015 6:00,44,op3
7/29/2015 6:00,44,op2
7/29/2015 6:00,44,op4
8/13/2015 6:00,44,op3
8/28/2015 6:00,44,op1
8/28/2015 6:00,44,op4
9/12/2015 6:00,44,op2
9/12/2015 6:00,44,op1
9/27/2015 6:00,44,op2
10/12/2015 6:00,44,op3
10/27/2015 6:00,44,op2
11/26/2015 6:00,44,op3
12/11/2015 6:00,44,op3
12/11/2015 6:00,44,op2
12/26/2015 6:00,44,op4
12/26/2015 6:00,44,op3
8/30/2014 6:00,45,op2
11/28/2014 6:00,45,op3
12/13/2014 6:00,45,op4
12/28/2014 6:00,45,op1
1/22/2015 6:00,45,op2
2/6/2015 6:00,45,op1
2/21/2015 6:00,45,op2
2/21/2015 6:00,45,op4
3/8/2015 6:00,45,op4
3/8/2015 6:00,45,op2
3/23/2015 6:00,45,op4
4/7/2015 6:00,45,op3
4/22/2015 6:00,45,op1
5/7/2015 6:00,45,op2
5/22/2015 6:00,45,op4
6/6/2015 6:00,45,op4
6/21/2015 6:00,45,op3
7/6/2015 6:00,45,op2
7/21/2015 6:00,45,op3
7/21/2015 6:00,45,op4
8/5/2015 6:00,45,op4
8/20/2015 6:00,45,op3
9/4/2015 6:00,45,op1
9/19/2015 6:00,45,op2
10/19/2015 6:00,45,op4
11/3/2015 6:00,45,op1
11/3/2015 6:00,45,op3
11/18/2015 6:00,45,op1
12/3/2015 6:00,45,op3
12/18/2015 6:00,45,op1
12/18/2015 6:00,45,op3
6/16/2014 6:00,46,op3
6/16/2014 6:00,46,op4
9/29/2014 6:00,46,op2
10/14/2014 6:00,46,op1
2/7/2015 6:00,46,op4
2/7/2015 6:00,46,op1
2/22/2015 6:00,46,op2
3/9/2015 6:00,46,op1
3/24/2015 6:00,46,op4
4/8/2015 6:00,46,op4
4/23/2015 6:00,46,op4
5/8/2015 6:00,46,op1
5/8/2015 6:00,46,op2
5/23/2015 6:00,46,op1
5/23/2015 6:00,46,op2
6/7/2015 6:00,46,op2
6/7/2015 6:00,46,op4
6/22/2015 6:00,46,op3
6/22/2015 6:00,46,op1
7/7/2015 6:00,46,op4
7/7/2015 6:00,46,op2
7/22/2015 6:00,46,op2
8/6/2015 6:00,46,op4
8/21/2015 6:00,46,op4
9/5/2015 6:00,46,op1
9/20/2015 6:00,46,op1
10/5/2015 6:00,46,op4
10/5/2015 6:00,46,op3
10/20/2015 6:00,46,op4
10/20/2015 6:00,46,op1
11/4/2015 6:00,46,op1
11/19/2015 6:00,46,op2
11/19/2015 6:00,46,op4
12/4/2015 6:00,46,op4
12/4/2015 6:00,46,op1
12/19/2015 6:00,46,op1
6/1/2014 6:00,47,op4
7/31/2014 6:00,47,op1
10/29/2014 6:00,47,op3
11/13/2014 6:00,47,op2
1/24/2015 6:00,47,op3
2/8/2015 6:00,47,op4
2/23/2015 6:00,47,op4
3/25/2015 6:00,47,op1
4/9/2015 6:00,47,op2
5/9/2015 6:00,47,op1
5/24/2015 6:00,47,op1
6/8/2015 6:00,47,op4
6/23/2015 6:00,47,op3
7/8/2015 6:00,47,op4
7/8/2015 6:00,47,op2
7/23/2015 6:00,47,op4
8/7/2015 6:00,47,op1
8/22/2015 6:00,47,op4
8/22/2015 6:00,47,op1
9/6/2015 6:00,47,op4
9/21/2015 6:00,47,op3
10/6/2015 6:00,47,op4
10/21/2015 6:00,47,op4
10/21/2015 6:00,47,op2
11/5/2015 6:00,47,op4
11/20/2015 6:00,47,op2
12/20/2015 6:00,47,op2
6/1/2014 6:00,48,op3
10/29/2014 6:00,48,op1
11/13/2014 6:00,48,op2
12/28/2014 6:00,48,op4
1/11/2015 6:00,48,op2
1/26/2015 6:00,48,op2
2/10/2015 6:00,48,op2
2/25/2015 6:00,48,op4
3/12/2015 6:00,48,op1
3/27/2015 6:00,48,op4
3/27/2015 6:00,48,op3
4/11/2015 6:00,48,op3
5/11/2015 6:00,48,op4
5/11/2015 6:00,48,op2
5/26/2015 6:00,48,op4
6/10/2015 6:00,48,op1
7/10/2015 6:00,48,op2
7/25/2015 6:00,48,op1
7/25/2015 6:00,48,op2
8/9/2015 6:00,48,op3
8/24/2015 6:00,48,op4
8/24/2015 6:00,48,op2
9/8/2015 6:00,48,op1
9/8/2015 6:00,48,op2
9/23/2015 6:00,48,op2
10/8/2015 6:00,48,op1
10/8/2015 6:00,48,op4
10/23/2015 6:00,48,op3
11/7/2015 6:00,48,op2
11/7/2015 6:00,48,op1
11/22/2015 6:00,48,op3
12/7/2015 6:00,48,op3
12/22/2015 6:00,48,op2
7/31/2014 6:00,49,op3
8/30/2014 6:00,49,op1
10/29/2014 6:00,49,op4
11/28/2014 6:00,49,op2
1/30/2015 6:00,49,op1
2/14/2015 6:00,49,op1
3/1/2015 6:00,49,op4
3/16/2015 6:00,49,op3
3/31/2015 6:00,49,op1
4/15/2015 6:00,49,op1
4/15/2015 6:00,49,op4
4/30/2015 6:00,49,op4
5/15/2015 6:00,49,op4
5/15/2015 6:00,49,op2
5/30/2015 6:00,49,op1
6/29/2015 6:00,49,op2
6/29/2015 6:00,49,op1
7/14/2015 6:00,49,op4
7/29/2015 6:00,49,op3
7/29/2015 6:00,49,op1
9/12/2015 6:00,49,op2
9/12/2015 6:00,49,op3
10/12/2015 6:00,49,op4
11/11/2015 6:00,49,op3
11/26/2015 6:00,49,op2
12/11/2015 6:00,49,op1
12/26/2015 6:00,49,op4
12/26/2015 6:00,49,op1
7/1/2014 6:00,50,op2
8/30/2014 6:00,50,op3
9/14/2014 6:00,50,op4
10/29/2014 6:00,50,op1
1/30/2015 6:00,50,op1
1/30/2015 6:00,50,op4
2/14/2015 6:00,50,op3
3/1/2015 6:00,50,op4
3/16/2015 6:00,50,op4
3/16/2015 6:00,50,op1
3/31/2015 6:00,50,op4
4/30/2015 6:00,50,op2
4/30/2015 6:00,50,op3
5/15/2015 6:00,50,op4
5/15/2015 6:00,50,op2
5/30/2015 6:00,50,op2
5/30/2015 6:00,50,op4
6/14/2015 6:00,50,op2
6/29/2015 6:00,50,op4
7/14/2015 6:00,50,op3
7/29/2015 6:00,50,op3
8/13/2015 6:00,50,op1
8/28/2015 6:00,50,op1
8/28/2015 6:00,50,op3
9/12/2015 6:00,50,op2
9/27/2015 6:00,50,op1
10/12/2015 6:00,50,op2
10/12/2015 6:00,50,op3
11/11/2015 6:00,50,op4
11/26/2015 6:00,50,op3
12/11/2015 6:00,50,op3
6/16/2014 6:00,51,op2
9/14/2014 6:00,51,op1
10/14/2014 6:00,51,op4
11/28/2014 6:00,51,op3
1/1/2015 6:00,51,op1
1/1/2015 6:00,51,op3
1/16/2015 6:00,51,op1
1/31/2015 6:00,51,op3
3/2/2015 6:00,51,op4
3/17/2015 6:00,51,op3
4/1/2015 6:00,51,op2
4/16/2015 6:00,51,op2
5/1/2015 6:00,51,op1
5/16/2015 6:00,51,op3
5/31/2015 6:00,51,op2
6/15/2015 6:00,51,op1
6/30/2015 6:00,51,op2
6/30/2015 6:00,51,op1
7/15/2015 6:00,51,op4
7/30/2015 6:00,51,op2
8/14/2015 6:00,51,op2
8/29/2015 6:00,51,op3
9/13/2015 6:00,51,op2
9/28/2015 6:00,51,op4
10/13/2015 6:00,51,op4
10/28/2015 6:00,51,op1
11/12/2015 6:00,51,op3
11/27/2015 6:00,51,op4
12/12/2015 6:00,51,op2
12/12/2015 6:00,51,op4
12/27/2015 6:00,51,op4
6/1/2014 6:00,52,op2
10/29/2014 6:00,52,op3
11/13/2014 6:00,52,op4
11/28/2014 6:00,52,op1
1/19/2015 6:00,52,op4
1/19/2015 6:00,52,op2
2/3/2015 6:00,52,op3
2/18/2015 6:00,52,op3
2/18/2015 6:00,52,op4
3/5/2015 6:00,52,op2
3/20/2015 6:00,52,op2
3/20/2015 6:00,52,op1
4/4/2015 6:00,52,op2
4/4/2015 6:00,52,op3
4/19/2015 6:00,52,op3
4/19/2015 6:00,52,op1
5/4/2015 6:00,52,op2
5/19/2015 6:00,52,op1
6/3/2015 6:00,52,op2
6/18/2015 6:00,52,op2
7/3/2015 6:00,52,op3
7/3/2015 6:00,52,op2
7/18/2015 6:00,52,op4
8/2/2015 6:00,52,op2
8/2/2015 6:00,52,op1
8/17/2015 6:00,52,op3
9/1/2015 6:00,52,op1
9/16/2015 6:00,52,op3
10/1/2015 6:00,52,op3
10/16/2015 6:00,52,op3
10/31/2015 6:00,52,op4
10/31/2015 6:00,52,op1
11/15/2015 6:00,52,op1
11/30/2015 6:00,52,op3
12/15/2015 6:00,52,op1
12/15/2015 6:00,52,op2
12/30/2015 6:00,52,op4
10/14/2014 6:00,53,op3
10/29/2014 6:00,53,op2
11/28/2014 6:00,53,op1
12/13/2014 6:00,53,op4
1/28/2015 6:00,53,op4
2/12/2015 6:00,53,op4
2/27/2015 6:00,53,op2
3/14/2015 6:00,53,op4
3/29/2015 6:00,53,op1
4/13/2015 6:00,53,op3
4/13/2015 6:00,53,op4
5/13/2015 6:00,53,op2
5/13/2015 6:00,53,op3
5/28/2015 6:00,53,op3
6/12/2015 6:00,53,op3
6/27/2015 6:00,53,op2
7/12/2015 6:00,53,op1
7/27/2015 6:00,53,op4
8/11/2015 6:00,53,op1
8/26/2015 6:00,53,op3
10/10/2015 6:00,53,op1
10/25/2015 6:00,53,op1
11/9/2015 6:00,53,op2
12/9/2015 6:00,53,op2
12/24/2015 6:00,53,op1
6/1/2014 6:00,54,op3
7/1/2014 6:00,54,op2
9/29/2014 6:00,54,op4
12/28/2014 6:00,54,op1
1/15/2015 6:00,54,op3
2/14/2015 6:00,54,op3
3/1/2015 6:00,54,op4
3/16/2015 6:00,54,op4
3/31/2015 6:00,54,op3
3/31/2015 6:00,54,op2
4/15/2015 6:00,54,op3
4/30/2015 6:00,54,op2
5/15/2015 6:00,54,op1
5/30/2015 6:00,54,op1
6/14/2015 6:00,54,op2
6/14/2015 6:00,54,op4
6/29/2015 6:00,54,op3
7/14/2015 6:00,54,op2
7/14/2015 6:00,54,op3
7/29/2015 6:00,54,op2
7/29/2015 6:00,54,op3
8/13/2015 6:00,54,op4
8/13/2015 6:00,54,op3
8/28/2015 6:00,54,op2
9/12/2015 6:00,54,op3
9/27/2015 6:00,54,op4
9/27/2015 6:00,54,op2
10/12/2015 6:00,54,op4
10/27/2015 6:00,54,op1
10/27/2015 6:00,54,op2
11/11/2015 6:00,54,op1
11/11/2015 6:00,54,op2
11/26/2015 6:00,54,op1
12/11/2015 6:00,54,op4
12/26/2015 6:00,54,op2
6/16/2014 6:00,55,op1
6/16/2014 6:00,55,op4
10/14/2014 6:00,55,op3
12/28/2014 6:00,55,op2
1/6/2015 6:00,55,op3
1/21/2015 6:00,55,op2
1/21/2015 6:00,55,op3
2/5/2015 6:00,55,op1
2/20/2015 6:00,55,op3
3/7/2015 6:00,55,op4
3/22/2015 6:00,55,op3
4/6/2015 6:00,55,op4
4/21/2015 6:00,55,op2
5/6/2015 6:00,55,op2
5/21/2015 6:00,55,op3
6/5/2015 6:00,55,op4
6/20/2015 6:00,55,op1
7/5/2015 6:00,55,op3
7/20/2015 6:00,55,op3
8/4/2015 6:00,55,op1
8/19/2015 6:00,55,op4
9/3/2015 6:00,55,op2
9/18/2015 6:00,55,op3
10/18/2015 6:00,55,op3
10/18/2015 6:00,55,op2
11/17/2015 6:00,55,op2
12/2/2015 6:00,55,op1
12/2/2015 6:00,55,op2
12/17/2015 6:00,55,op1
1/1/2016 6:00,55,op3
6/1/2014 6:00,56,op4
7/31/2014 6:00,56,op2
10/14/2014 6:00,56,op1
12/13/2014 6:00,56,op3
1/14/2015 6:00,56,op3
2/13/2015 6:00,56,op4
3/15/2015 6:00,56,op3
3/30/2015 6:00,56,op3
4/14/2015 6:00,56,op4
4/14/2015 6:00,56,op1
4/29/2015 6:00,56,op2
4/29/2015 6:00,56,op4
5/14/2015 6:00,56,op2
5/29/2015 6:00,56,op1
5/29/2015 6:00,56,op4
6/13/2015 6:00,56,op4
6/13/2015 6:00,56,op3
6/28/2015 6:00,56,op3
7/13/2015 6:00,56,op4
7/13/2015 6:00,56,op3
8/27/2015 6:00,56,op4
9/11/2015 6:00,56,op1
9/26/2015 6:00,56,op2
9/26/2015 6:00,56,op3
10/11/2015 6:00,56,op4
10/26/2015 6:00,56,op3
11/10/2015 6:00,56,op1
11/25/2015 6:00,56,op2
12/10/2015 6:00,56,op2
12/25/2015 6:00,56,op1
6/16/2014 6:00,57,op2
8/15/2014 6:00,57,op3
8/15/2014 6:00,57,op4
11/28/2014 6:00,57,op1
1/23/2015 6:00,57,op4
2/7/2015 6:00,57,op1
2/7/2015 6:00,57,op4
2/22/2015 6:00,57,op1
3/9/2015 6:00,57,op4
3/9/2015 6:00,57,op2
3/24/2015 6:00,57,op4
3/24/2015 6:00,57,op1
4/8/2015 6:00,57,op1
4/8/2015 6:00,57,op4
4/23/2015 6:00,57,op2
5/8/2015 6:00,57,op1
5/23/2015 6:00,57,op3
5/23/2015 6:00,57,op1
6/7/2015 6:00,57,op2
6/22/2015 6:00,57,op2
7/7/2015 6:00,57,op2
7/22/2015 6:00,57,op3
7/22/2015 6:00,57,op4
8/6/2015 6:00,57,op1
8/6/2015 6:00,57,op3
8/21/2015 6:00,57,op4
9/5/2015 6:00,57,op1
9/20/2015 6:00,57,op1
10/5/2015 6:00,57,op3
10/20/2015 6:00,57,op4
11/4/2015 6:00,57,op1
11/19/2015 6:00,57,op4
12/4/2015 6:00,57,op1
12/19/2015 6:00,57,op3
7/1/2014 6:00,58,op4
8/15/2014 6:00,58,op3
8/30/2014 6:00,58,op2
10/29/2014 6:00,58,op1
1/31/2015 6:00,58,op2
1/31/2015 6:00,58,op3
2/15/2015 6:00,58,op2
3/2/2015 6:00,58,op2
3/2/2015 6:00,58,op4
3/17/2015 6:00,58,op2
4/1/2015 6:00,58,op2
5/1/2015 6:00,58,op3
5/16/2015 6:00,58,op1
5/31/2015 6:00,58,op2
5/31/2015 6:00,58,op4
6/15/2015 6:00,58,op4
6/30/2015 6:00,58,op4
6/30/2015 6:00,58,op2
7/15/2015 6:00,58,op2
7/30/2015 6:00,58,op3
7/30/2015 6:00,58,op2
8/29/2015 6:00,58,op1
9/13/2015 6:00,58,op4
9/28/2015 6:00,58,op4
9/28/2015 6:00,58,op3
10/13/2015 6:00,58,op1
10/28/2015 6:00,58,op3
10/28/2015 6:00,58,op4
11/27/2015 6:00,58,op3
11/27/2015 6:00,58,op4
12/12/2015 6:00,58,op2
7/16/2014 6:00,59,op2
8/15/2014 6:00,59,op3
10/29/2014 6:00,59,op4
12/28/2014 6:00,59,op1
1/5/2015 6:00,59,op3
1/20/2015 6:00,59,op1
1/20/2015 6:00,59,op3
2/4/2015 6:00,59,op4
2/4/2015 6:00,59,op1
2/19/2015 6:00,59,op4
3/21/2015 6:00,59,op1
4/5/2015 6:00,59,op4
4/20/2015 6:00,59,op3
5/5/2015 6:00,59,op3
5/20/2015 6:00,59,op4
6/4/2015 6:00,59,op1
6/19/2015 6:00,59,op2
6/19/2015 6:00,59,op4
7/4/2015 6:00,59,op2
7/19/2015 6:00,59,op1
8/3/2015 6:00,59,op2
8/18/2015 6:00,59,op4
9/2/2015 6:00,59,op4
9/17/2015 6:00,59,op2
10/2/2015 6:00,59,op4
10/2/2015 6:00,59,op3
10/17/2015 6:00,59,op2
10/17/2015 6:00,59,op1
11/1/2015 6:00,59,op1
11/1/2015 6:00,59,op2
12/1/2015 6:00,59,op1
12/16/2015 6:00,59,op3
12/16/2015 6:00,59,op1
12/31/2015 6:00,59,op1
6/1/2014 6:00,60,op1
7/16/2014 6:00,60,op2
9/14/2014 6:00,60,op3
9/29/2014 6:00,60,op4
1/15/2015 6:00,60,op3
1/15/2015 6:00,60,op4
1/30/2015 6:00,60,op3
1/30/2015 6:00,60,op2
2/14/2015 6:00,60,op4
3/1/2015 6:00,60,op1
3/16/2015 6:00,60,op3
3/16/2015 6:00,60,op1
4/15/2015 6:00,60,op3
4/15/2015 6:00,60,op2
4/30/2015 6:00,60,op2
5/15/2015 6:00,60,op2
5/30/2015 6:00,60,op1
6/14/2015 6:00,60,op3
6/29/2015 6:00,60,op1
7/14/2015 6:00,60,op3
7/29/2015 6:00,60,op3
7/29/2015 6:00,60,op2
8/13/2015 6:00,60,op4
8/28/2015 6:00,60,op1
9/12/2015 6:00,60,op4
9/12/2015 6:00,60,op2
9/27/2015 6:00,60,op2
10/12/2015 6:00,60,op4
10/27/2015 6:00,60,op3
11/11/2015 6:00,60,op4
11/26/2015 6:00,60,op3
12/11/2015 6:00,60,op4
6/16/2014 6:00,61,op4
7/1/2014 6:00,61,op1
7/31/2014 6:00,61,op2
10/29/2014 6:00,61,op3
1/28/2015 6:00,61,op3
2/12/2015 6:00,61,op4
2/27/2015 6:00,61,op3
2/27/2015 6:00,61,op2
3/14/2015 6:00,61,op4
3/29/2015 6:00,61,op3
4/13/2015 6:00,61,op3
4/28/2015 6:00,61,op2
5/13/2015 6:00,61,op1
5/28/2015 6:00,61,op3
5/28/2015 6:00,61,op2
6/27/2015 6:00,61,op2
6/27/2015 6:00,61,op1
7/12/2015 6:00,61,op3
7/27/2015 6:00,61,op3
8/11/2015 6:00,61,op4
8/11/2015 6:00,61,op2
8/26/2015 6:00,61,op3
8/26/2015 6:00,61,op1
9/25/2015 6:00,61,op3
10/10/2015 6:00,61,op3
10/25/2015 6:00,61,op1
10/25/2015 6:00,61,op3
11/24/2015 6:00,61,op2
12/9/2015 6:00,61,op4
12/24/2015 6:00,61,op4
8/15/2014 6:00,62,op4
8/30/2014 6:00,62,op1
10/14/2014 6:00,62,op2
11/13/2014 6:00,62,op3
1/13/2015 6:00,62,op3
1/13/2015 6:00,62,op1
1/28/2015 6:00,62,op4
1/28/2015 6:00,62,op3
2/12/2015 6:00,62,op3
2/27/2015 6:00,62,op3
3/29/2015 6:00,62,op3
3/29/2015 6:00,62,op1
4/13/2015 6:00,62,op2
4/13/2015 6:00,62,op1
4/28/2015 6:00,62,op2
5/13/2015 6:00,62,op1
5/28/2015 6:00,62,op4
6/12/2015 6:00,62,op3
6/12/2015 6:00,62,op1
6/27/2015 6:00,62,op4
6/27/2015 6:00,62,op2
7/12/2015 6:00,62,op2
7/12/2015 6:00,62,op3
7/27/2015 6:00,62,op4
8/11/2015 6:00,62,op4
8/11/2015 6:00,62,op1
9/10/2015 6:00,62,op2
9/10/2015 6:00,62,op4
9/25/2015 6:00,62,op4
10/10/2015 6:00,62,op2
10/10/2015 6:00,62,op3
10/25/2015 6:00,62,op1
10/25/2015 6:00,62,op2
11/9/2015 6:00,62,op2
11/24/2015 6:00,62,op2
12/9/2015 6:00,62,op4
12/24/2015 6:00,62,op2
7/16/2014 6:00,63,op1
7/16/2014 6:00,63,op4
10/14/2014 6:00,63,op2
10/14/2014 6:00,63,op3
1/28/2015 6:00,63,op1
1/28/2015 6:00,63,op2
2/12/2015 6:00,63,op3
2/27/2015 6:00,63,op1
3/14/2015 6:00,63,op4
3/29/2015 6:00,63,op4
3/29/2015 6:00,63,op2
4/13/2015 6:00,63,op1
4/13/2015 6:00,63,op3
4/28/2015 6:00,63,op1
5/13/2015 6:00,63,op4
5/28/2015 6:00,63,op2
5/28/2015 6:00,63,op1
6/12/2015 6:00,63,op1
6/12/2015 6:00,63,op4
6/27/2015 6:00,63,op1
7/12/2015 6:00,63,op3
7/12/2015 6:00,63,op1
7/27/2015 6:00,63,op4
8/11/2015 6:00,63,op4
8/26/2015 6:00,63,op2
8/26/2015 6:00,63,op3
9/10/2015 6:00,63,op1
10/10/2015 6:00,63,op1
10/25/2015 6:00,63,op4
10/25/2015 6:00,63,op3
11/9/2015 6:00,63,op1
11/9/2015 6:00,63,op2
11/24/2015 6:00,63,op4
12/9/2015 6:00,63,op2
12/24/2015 6:00,63,op3
7/16/2014 6:00,64,op4
8/30/2014 6:00,64,op1
11/13/2014 6:00,64,op2
11/28/2014 6:00,64,op3
1/5/2015 6:00,64,op4
1/5/2015 6:00,64,op1
1/20/2015 6:00,64,op1
1/20/2015 6:00,64,op2
2/4/2015 6:00,64,op2
2/19/2015 6:00,64,op4
3/21/2015 6:00,64,op1
4/5/2015 6:00,64,op3
4/5/2015 6:00,64,op2
4/20/2015 6:00,64,op2
5/5/2015 6:00,64,op4
5/20/2015 6:00,64,op4
5/20/2015 6:00,64,op3
6/4/2015 6:00,64,op1
6/19/2015 6:00,64,op4
7/4/2015 6:00,64,op4
7/19/2015 6:00,64,op4
7/19/2015 6:00,64,op1
8/3/2015 6:00,64,op2
8/18/2015 6:00,64,op3
9/2/2015 6:00,64,op3
9/17/2015 6:00,64,op4
9/17/2015 6:00,64,op1
10/17/2015 6:00,64,op2
11/1/2015 6:00,64,op2
11/16/2015 6:00,64,op2
12/1/2015 6:00,64,op2
12/31/2015 6:00,64,op1
12/31/2015 6:00,64,op3
6/1/2014 6:00,65,op2
7/16/2014 6:00,65,op3
9/14/2014 6:00,65,op1
9/29/2014 6:00,65,op4
1/1/2015 6:00,65,op1
1/31/2015 6:00,65,op3
1/31/2015 6:00,65,op1
2/15/2015 6:00,65,op3
3/2/2015 6:00,65,op3
3/17/2015 6:00,65,op1
3/17/2015 6:00,65,op3
4/1/2015 6:00,65,op1
4/1/2015 6:00,65,op3
4/16/2015 6:00,65,op1
5/16/2015 6:00,65,op2
5/31/2015 6:00,65,op1
6/15/2015 6:00,65,op3
6/30/2015 6:00,65,op4
7/15/2015 6:00,65,op3
7/30/2015 6:00,65,op3
8/14/2015 6:00,65,op1
8/14/2015 6:00,65,op2
8/29/2015 6:00,65,op3
8/29/2015 6:00,65,op1
9/13/2015 6:00,65,op4
9/28/2015 6:00,65,op4
10/13/2015 6:00,65,op3
10/28/2015 6:00,65,op3
11/12/2015 6:00,65,op3
11/27/2015 6:00,65,op3
12/12/2015 6:00,65,op1
12/12/2015 6:00,65,op2
12/27/2015 6:00,65,op3
7/16/2014 6:00,66,op3
10/29/2014 6:00,66,op1
12/13/2014 6:00,66,op2
12/13/2014 6:00,66,op4
1/19/2015 6:00,66,op4
2/3/2015 6:00,66,op3
2/18/2015 6:00,66,op3
2/18/2015 6:00,66,op1
3/5/2015 6:00,66,op3
3/5/2015 6:00,66,op1
3/20/2015 6:00,66,op1
3/20/2015 6:00,66,op2
4/4/2015 6:00,66,op3
4/4/2015 6:00,66,op4
4/19/2015 6:00,66,op3
5/4/2015 6:00,66,op4
5/19/2015 6:00,66,op1
5/19/2015 6:00,66,op2
6/3/2015 6:00,66,op4
6/3/2015 6:00,66,op1
7/3/2015 6:00,66,op4
7/18/2015 6:00,66,op3
8/2/2015 6:00,66,op4
8/17/2015 6:00,66,op2
8/17/2015 6:00,66,op3
9/1/2015 6:00,66,op4
9/16/2015 6:00,66,op4
10/1/2015 6:00,66,op1
10/1/2015 6:00,66,op4
10/16/2015 6:00,66,op4
10/16/2015 6:00,66,op1
10/31/2015 6:00,66,op1
11/15/2015 6:00,66,op2
11/15/2015 6:00,66,op3
11/30/2015 6:00,66,op3
12/15/2015 6:00,66,op2
12/15/2015 6:00,66,op1
12/30/2015 6:00,66,op4
12/30/2015 6:00,66,op1
7/1/2014 6:00,67,op1
9/14/2014 6:00,67,op2
10/14/2014 6:00,67,op3
11/13/2014 6:00,67,op4
1/1/2015 6:00,67,op4
1/16/2015 6:00,67,op2
1/31/2015 6:00,67,op4
2/15/2015 6:00,67,op3
3/2/2015 6:00,67,op4
3/17/2015 6:00,67,op2
4/1/2015 6:00,67,op3
4/16/2015 6:00,67,op3
5/1/2015 6:00,67,op2
5/16/2015 6:00,67,op3
5/16/2015 6:00,67,op2
5/31/2015 6:00,67,op4
6/15/2015 6:00,67,op2
6/15/2015 6:00,67,op1
6/30/2015 6:00,67,op3
7/15/2015 6:00,67,op2
7/30/2015 6:00,67,op2
8/14/2015 6:00,67,op3
8/14/2015 6:00,67,op2
8/29/2015 6:00,67,op4
8/29/2015 6:00,67,op3
9/13/2015 6:00,67,op2
9/28/2015 6:00,67,op1
10/13/2015 6:00,67,op2
10/28/2015 6:00,67,op2
11/12/2015 6:00,67,op2
11/27/2015 6:00,67,op3
9/14/2014 6:00,68,op1
10/14/2014 6:00,68,op4
11/28/2014 6:00,68,op3
12/13/2014 6:00,68,op2
1/2/2015 6:00,68,op1
1/17/2015 6:00,68,op1
1/17/2015 6:00,68,op4
2/1/2015 6:00,68,op2
2/16/2015 6:00,68,op1
2/16/2015 6:00,68,op2
3/3/2015 6:00,68,op3
3/3/2015 6:00,68,op4
3/18/2015 6:00,68,op4
4/2/2015 6:00,68,op2
4/17/2015 6:00,68,op3
5/2/2015 6:00,68,op3
6/1/2015 6:00,68,op4
6/16/2015 6:00,68,op1
7/1/2015 6:00,68,op4
7/1/2015 6:00,68,op1
7/16/2015 6:00,68,op4
7/16/2015 6:00,68,op1
7/31/2015 6:00,68,op3
7/31/2015 6:00,68,op4
8/15/2015 6:00,68,op2
8/15/2015 6:00,68,op3
8/30/2015 6:00,68,op4
9/14/2015 6:00,68,op2
9/14/2015 6:00,68,op4
9/29/2015 6:00,68,op3
10/14/2015 6:00,68,op2
10/14/2015 6:00,68,op4
10/29/2015 6:00,68,op4
11/13/2015 6:00,68,op4
11/28/2015 6:00,68,op1
11/28/2015 6:00,68,op4
12/13/2015 6:00,68,op2
12/28/2015 6:00,68,op2
12/28/2015 6:00,68,op3
7/16/2014 6:00,69,op2
7/16/2014 6:00,69,op3
10/14/2014 6:00,69,op4
11/28/2014 6:00,69,op1
1/5/2015 6:00,69,op1
1/5/2015 6:00,69,op2
1/20/2015 6:00,69,op3
2/4/2015 6:00,69,op4
2/19/2015 6:00,69,op1
2/19/2015 6:00,69,op3
3/6/2015 6:00,69,op4
3/21/2015 6:00,69,op1
4/5/2015 6:00,69,op1
4/20/2015 6:00,69,op4
5/20/2015 6:00,69,op2
6/4/2015 6:00,69,op1
6/19/2015 6:00,69,op1
7/4/2015 6:00,69,op1
7/19/2015 6:00,69,op1
8/3/2015 6:00,69,op1
8/3/2015 6:00,69,op3
8/18/2015 6:00,69,op3
8/18/2015 6:00,69,op2
9/2/2015 6:00,69,op4
9/2/2015 6:00,69,op1
10/2/2015 6:00,69,op1
10/17/2015 6:00,69,op4
11/1/2015 6:00,69,op3
11/16/2015 6:00,69,op3
11/16/2015 6:00,69,op4
12/1/2015 6:00,69,op4
12/1/2015 6:00,69,op3
12/16/2015 6:00,69,op1
12/31/2015 6:00,69,op3
7/1/2014 6:00,70,op4
7/31/2014 6:00,70,op2
11/13/2014 6:00,70,op1
11/28/2014 6:00,70,op3
1/13/2015 6:00,70,op3
1/13/2015 6:00,70,op4
1/28/2015 6:00,70,op2
1/28/2015 6:00,70,op1
2/12/2015 6:00,70,op3
2/27/2015 6:00,70,op3
3/14/2015 6:00,70,op2
3/14/2015 6:00,70,op4
3/29/2015 6:00,70,op3
4/13/2015 6:00,70,op4
4/13/2015 6:00,70,op2
4/28/2015 6:00,70,op4
5/13/2015 6:00,70,op4
5/13/2015 6:00,70,op3
5/28/2015 6:00,70,op4
5/28/2015 6:00,70,op2
6/12/2015 6:00,70,op4
6/12/2015 6:00,70,op3
6/27/2015 6:00,70,op3
7/12/2015 6:00,70,op4
7/12/2015 6:00,70,op1
7/27/2015 6:00,70,op3
8/11/2015 6:00,70,op1
8/26/2015 6:00,70,op1
9/10/2015 6:00,70,op2
9/10/2015 6:00,70,op3
9/25/2015 6:00,70,op2
10/10/2015 6:00,70,op3
10/25/2015 6:00,70,op3
11/9/2015 6:00,70,op1
11/9/2015 6:00,70,op3
11/24/2015 6:00,70,op3
12/9/2015 6:00,70,op2
12/9/2015 6:00,70,op1
12/24/2015 6:00,70,op4
7/31/2014 6:00,71,op4
8/30/2014 6:00,71,op2
12/13/2014 6:00,71,op1
12/13/2014 6:00,71,op3
1/11/2015 6:00,71,op2
1/26/2015 6:00,71,op4
1/26/2015 6:00,71,op3
2/10/2015 6:00,71,op1
2/25/2015 6:00,71,op2
3/12/2015 6:00,71,op3
3/27/2015 6:00,71,op1
3/27/2015 6:00,71,op2
4/26/2015 6:00,71,op2
5/11/2015 6:00,71,op2
6/10/2015 6:00,71,op4
6/10/2015 6:00,71,op1
6/25/2015 6:00,71,op1
6/25/2015 6:00,71,op3
7/10/2015 6:00,71,op1
7/10/2015 6:00,71,op3
7/25/2015 6:00,71,op4
8/9/2015 6:00,71,op1
8/24/2015 6:00,71,op2
8/24/2015 6:00,71,op4
9/8/2015 6:00,71,op1
9/23/2015 6:00,71,op2
9/23/2015 6:00,71,op3
10/8/2015 6:00,71,op4
10/23/2015 6:00,71,op3
11/7/2015 6:00,71,op1
11/22/2015 6:00,71,op3
12/7/2015 6:00,71,op3
12/22/2015 6:00,71,op3
7/31/2014 6:00,72,op1
8/30/2014 6:00,72,op4
10/29/2014 6:00,72,op2
11/28/2014 6:00,72,op3
1/23/2015 6:00,72,op3
2/7/2015 6:00,72,op4
2/22/2015 6:00,72,op4
3/9/2015 6:00,72,op3
3/24/2015 6:00,72,op1
4/8/2015 6:00,72,op1
4/23/2015 6:00,72,op2
5/8/2015 6:00,72,op2
5/23/2015 6:00,72,op3
5/23/2015 6:00,72,op1
6/7/2015 6:00,72,op1
6/7/2015 6:00,72,op2
6/22/2015 6:00,72,op2
7/7/2015 6:00,72,op3
7/7/2015 6:00,72,op2
7/22/2015 6:00,72,op1
8/6/2015 6:00,72,op2
8/21/2015 6:00,72,op3
9/5/2015 6:00,72,op1
9/20/2015 6:00,72,op1
10/20/2015 6:00,72,op1
10/20/2015 6:00,72,op3
11/4/2015 6:00,72,op1
12/4/2015 6:00,72,op4
12/19/2015 6:00,72,op4
7/1/2014 6:00,73,op4
7/16/2014 6:00,73,op1
9/29/2014 6:00,73,op3
11/28/2014 6:00,73,op2
1/2/2015 6:00,73,op3
1/2/2015 6:00,73,op1
1/17/2015 6:00,73,op3
2/16/2015 6:00,73,op4
4/2/2015 6:00,73,op1
4/17/2015 6:00,73,op4
5/2/2015 6:00,73,op2
5/2/2015 6:00,73,op3
5/17/2015 6:00,73,op1
6/1/2015 6:00,73,op2
6/1/2015 6:00,73,op3
6/16/2015 6:00,73,op3
7/1/2015 6:00,73,op3
7/16/2015 6:00,73,op1
7/31/2015 6:00,73,op1
8/30/2015 6:00,73,op3
9/14/2015 6:00,73,op4
9/29/2015 6:00,73,op3
10/14/2015 6:00,73,op4
10/14/2015 6:00,73,op2
10/29/2015 6:00,73,op2
10/29/2015 6:00,73,op4
11/13/2015 6:00,73,op4
11/13/2015 6:00,73,op3
11/28/2015 6:00,73,op1
12/13/2015 6:00,73,op3
12/28/2015 6:00,73,op1
6/1/2014 6:00,74,op4
8/30/2014 6:00,74,op1
8/30/2014 6:00,74,op2
9/29/2014 6:00,74,op3
1/23/2015 6:00,74,op1
2/7/2015 6:00,74,op3
3/9/2015 6:00,74,op2
4/23/2015 6:00,74,op4
5/8/2015 6:00,74,op2
5/23/2015 6:00,74,op2
6/7/2015 6:00,74,op4
6/22/2015 6:00,74,op3
6/22/2015 6:00,74,op2
7/7/2015 6:00,74,op4
7/22/2015 6:00,74,op2
7/22/2015 6:00,74,op3
8/6/2015 6:00,74,op2
8/21/2015 6:00,74,op1
8/21/2015 6:00,74,op4
9/5/2015 6:00,74,op1
10/5/2015 6:00,74,op1
10/20/2015 6:00,74,op2
11/4/2015 6:00,74,op3
12/4/2015 6:00,74,op4
12/4/2015 6:00,74,op2
12/19/2015 6:00,74,op4
6/1/2014 6:00,75,op3
9/14/2014 6:00,75,op4
9/29/2014 6:00,75,op1
11/13/2014 6:00,75,op2
1/7/2015 6:00,75,op1
1/22/2015 6:00,75,op1
1/22/2015 6:00,75,op2
2/6/2015 6:00,75,op4
2/21/2015 6:00,75,op2
3/23/2015 6:00,75,op2
4/7/2015 6:00,75,op1
4/7/2015 6:00,75,op3
4/22/2015 6:00,75,op1
5/7/2015 6:00,75,op3
5/7/2015 6:00,75,op4
5/22/2015 6:00,75,op4
5/22/2015 6:00,75,op3
6/6/2015 6:00,75,op2
6/6/2015 6:00,75,op4
6/21/2015 6:00,75,op3
7/6/2015 6:00,75,op4
7/6/2015 6:00,75,op3
7/21/2015 6:00,75,op2
8/5/2015 6:00,75,op1
8/20/2015 6:00,75,op2
9/4/2015 6:00,75,op4
9/19/2015 6:00,75,op4
10/4/2015 6:00,75,op3
10/19/2015 6:00,75,op2
11/3/2015 6:00,75,op3
11/18/2015 6:00,75,op3
12/3/2015 6:00,75,op2
12/18/2015 6:00,75,op2
7/1/2014 6:00,76,op2
11/28/2014 6:00,76,op3
12/13/2014 6:00,76,op1
12/13/2014 6:00,76,op4
1/18/2015 6:00,76,op3
2/2/2015 6:00,76,op2
2/2/2015 6:00,76,op1
2/17/2015 6:00,76,op3
3/4/2015 6:00,76,op2
3/19/2015 6:00,76,op2
3/19/2015 6:00,76,op1
4/3/2015 6:00,76,op3
4/18/2015 6:00,76,op3
5/3/2015 6:00,76,op2
5/18/2015 6:00,76,op1
6/2/2015 6:00,76,op1
6/17/2015 6:00,76,op1
7/2/2015 6:00,76,op4
7/17/2015 6:00,76,op1
8/1/2015 6:00,76,op2
8/1/2015 6:00,76,op1
8/16/2015 6:00,76,op3
8/31/2015 6:00,76,op2
9/15/2015 6:00,76,op2
9/15/2015 6:00,76,op4
9/30/2015 6:00,76,op3
9/30/2015 6:00,76,op1
10/15/2015 6:00,76,op4
10/30/2015 6:00,76,op1
11/29/2015 6:00,76,op1
11/29/2015 6:00,76,op3
12/14/2015 6:00,76,op3
12/29/2015 6:00,76,op1
7/31/2014 6:00,77,op3
9/29/2014 6:00,77,op2
9/29/2014 6:00,77,op4
11/13/2014 6:00,77,op1
1/11/2015 6:00,77,op3
1/26/2015 6:00,77,op2
2/10/2015 6:00,77,op1
2/10/2015 6:00,77,op2
3/12/2015 6:00,77,op4
3/27/2015 6:00,77,op1
4/11/2015 6:00,77,op4
4/11/2015 6:00,77,op1
4/26/2015 6:00,77,op3
4/26/2015 6:00,77,op1
5/11/2015 6:00,77,op2
5/11/2015 6:00,77,op1
5/26/2015 6:00,77,op4
5/26/2015 6:00,77,op1
6/10/2015 6:00,77,op1
6/25/2015 6:00,77,op3
7/10/2015 6:00,77,op1
7/25/2015 6:00,77,op3
7/25/2015 6:00,77,op4
8/9/2015 6:00,77,op2
8/24/2015 6:00,77,op1
9/23/2015 6:00,77,op2
10/8/2015 6:00,77,op2
10/23/2015 6:00,77,op2
11/7/2015 6:00,77,op3
12/7/2015 6:00,77,op2
12/7/2015 6:00,77,op3
12/22/2015 6:00,77,op3
12/22/2015 6:00,77,op4
6/16/2014 6:00,78,op1
7/1/2014 6:00,78,op2
8/15/2014 6:00,78,op4
11/28/2014 6:00,78,op3
1/21/2015 6:00,78,op1
1/21/2015 6:00,78,op3
2/5/2015 6:00,78,op4
2/20/2015 6:00,78,op2
3/7/2015 6:00,78,op4
3/7/2015 6:00,78,op1
4/6/2015 6:00,78,op2
4/21/2015 6:00,78,op2
5/6/2015 6:00,78,op3
5/21/2015 6:00,78,op3
6/5/2015 6:00,78,op4
6/20/2015 6:00,78,op2
7/5/2015 6:00,78,op2
7/5/2015 6:00,78,op1
7/20/2015 6:00,78,op4
7/20/2015 6:00,78,op1
8/4/2015 6:00,78,op3
8/19/2015 6:00,78,op1
9/3/2015 6:00,78,op4
9/18/2015 6:00,78,op1
10/3/2015 6:00,78,op1
10/18/2015 6:00,78,op3
11/2/2015 6:00,78,op4
11/2/2015 6:00,78,op3
11/17/2015 6:00,78,op3
12/2/2015 6:00,78,op4
12/17/2015 6:00,78,op2
12/17/2015 6:00,78,op4
1/1/2016 6:00,78,op3
6/1/2014 6:00,79,op2
7/16/2014 6:00,79,op4
9/14/2014 6:00,79,op3
12/28/2014 6:00,79,op1
1/2/2015 6:00,79,op3
1/17/2015 6:00,79,op3
2/1/2015 6:00,79,op3
2/1/2015 6:00,79,op2
2/16/2015 6:00,79,op1
3/3/2015 6:00,79,op2
3/18/2015 6:00,79,op4
4/2/2015 6:00,79,op1
4/17/2015 6:00,79,op3
4/17/2015 6:00,79,op2
5/2/2015 6:00,79,op2
5/17/2015 6:00,79,op4
6/1/2015 6:00,79,op4
6/16/2015 6:00,79,op3
6/16/2015 6:00,79,op2
7/1/2015 6:00,79,op1
7/16/2015 6:00,79,op3
7/31/2015 6:00,79,op1
8/15/2015 6:00,79,op1
8/15/2015 6:00,79,op2
8/30/2015 6:00,79,op1
9/14/2015 6:00,79,op2
9/29/2015 6:00,79,op4
10/14/2015 6:00,79,op3
10/29/2015 6:00,79,op3
11/13/2015 6:00,79,op1
11/13/2015 6:00,79,op3
11/28/2015 6:00,79,op1
12/13/2015 6:00,79,op4
12/28/2015 6:00,79,op3
9/29/2014 6:00,80,op4
10/29/2014 6:00,80,op2
11/28/2014 6:00,80,op1
11/28/2014 6:00,80,op3
2/12/2015 6:00,80,op3
3/14/2015 6:00,80,op3
3/29/2015 6:00,80,op4
4/13/2015 6:00,80,op1
4/13/2015 6:00,80,op2
4/28/2015 6:00,80,op2
5/13/2015 6:00,80,op1
5/13/2015 6:00,80,op2
6/12/2015 6:00,80,op1
6/12/2015 6:00,80,op2
6/27/2015 6:00,80,op3
6/27/2015 6:00,80,op1
7/12/2015 6:00,80,op2
7/27/2015 6:00,80,op3
7/27/2015 6:00,80,op4
8/11/2015 6:00,80,op1
9/10/2015 6:00,80,op2
9/25/2015 6:00,80,op2
9/25/2015 6:00,80,op3
10/10/2015 6:00,80,op3
10/10/2015 6:00,80,op4
11/9/2015 6:00,80,op2
11/24/2015 6:00,80,op3
12/9/2015 6:00,80,op4
12/9/2015 6:00,80,op2
12/24/2015 6:00,80,op1
12/24/2015 6:00,80,op2
6/1/2014 6:00,81,op2
7/1/2014 6:00,81,op3
7/16/2014 6:00,81,op1
7/16/2014 6:00,81,op4
1/2/2015 6:00,81,op3
1/2/2015 6:00,81,op1
1/17/2015 6:00,81,op2
2/16/2015 6:00,81,op1
3/3/2015 6:00,81,op2
3/3/2015 6:00,81,op1
3/18/2015 6:00,81,op3
4/2/2015 6:00,81,op3
4/2/2015 6:00,81,op1
4/17/2015 6:00,81,op2
5/2/2015 6:00,81,op2
5/17/2015 6:00,81,op1
5/17/2015 6:00,81,op3
6/1/2015 6:00,81,op1
6/16/2015 6:00,81,op4
6/16/2015 6:00,81,op2
7/1/2015 6:00,81,op1
7/1/2015 6:00,81,op3
7/16/2015 6:00,81,op4
7/16/2015 6:00,81,op3
8/15/2015 6:00,81,op1
8/30/2015 6:00,81,op1
9/14/2015 6:00,81,op1
9/29/2015 6:00,81,op3
10/14/2015 6:00,81,op1
10/14/2015 6:00,81,op2
10/29/2015 6:00,81,op3
11/13/2015 6:00,81,op1
11/28/2015 6:00,81,op4
12/13/2015 6:00,81,op2
12/13/2015 6:00,81,op3
12/28/2015 6:00,81,op4
12/28/2015 6:00,81,op2
6/16/2014 6:00,82,op3
7/16/2014 6:00,82,op1
9/29/2014 6:00,82,op4
10/14/2014 6:00,82,op2
1/28/2015 6:00,82,op1
1/28/2015 6:00,82,op3
3/14/2015 6:00,82,op3
3/29/2015 6:00,82,op2
3/29/2015 6:00,82,op1
4/13/2015 6:00,82,op2
4/13/2015 6:00,82,op4
4/28/2015 6:00,82,op2
5/13/2015 6:00,82,op3
5/13/2015 6:00,82,op1
5/28/2015 6:00,82,op4
6/12/2015 6:00,82,op4
6/27/2015 6:00,82,op1
7/12/2015 6:00,82,op1
7/27/2015 6:00,82,op1
8/11/2015 6:00,82,op1
8/26/2015 6:00,82,op3
8/26/2015 6:00,82,op4
9/10/2015 6:00,82,op4
9/10/2015 6:00,82,op1
9/25/2015 6:00,82,op3
10/10/2015 6:00,82,op3
10/10/2015 6:00,82,op1
11/9/2015 6:00,82,op1
11/24/2015 6:00,82,op1
11/24/2015 6:00,82,op3
12/9/2015 6:00,82,op3
12/9/2015 6:00,82,op2
12/24/2015 6:00,82,op1
9/14/2014 6:00,83,op2
10/14/2014 6:00,83,op4
10/29/2014 6:00,83,op3
12/28/2014 6:00,83,op1
1/1/2015 6:00,83,op2
1/16/2015 6:00,83,op3
1/16/2015 6:00,83,op4
1/31/2015 6:00,83,op1
1/31/2015 6:00,83,op4
2/15/2015 6:00,83,op3
3/17/2015 6:00,83,op4
4/1/2015 6:00,83,op4
5/1/2015 6:00,83,op3
5/16/2015 6:00,83,op4
5/16/2015 6:00,83,op1
5/31/2015 6:00,83,op2
6/15/2015 6:00,83,op3
6/15/2015 6:00,83,op2
6/30/2015 6:00,83,op2
6/30/2015 6:00,83,op3
7/15/2015 6:00,83,op1
7/15/2015 6:00,83,op4
7/30/2015 6:00,83,op4
8/14/2015 6:00,83,op2
8/14/2015 6:00,83,op4
8/29/2015 6:00,83,op1
9/13/2015 6:00,83,op2
9/28/2015 6:00,83,op3
10/13/2015 6:00,83,op1
10/28/2015 6:00,83,op2
10/28/2015 6:00,83,op3
11/27/2015 6:00,83,op4
12/27/2015 6:00,83,op2
12/27/2015 6:00,83,op1
6/1/2014 6:00,84,op4
6/16/2014 6:00,84,op2
11/13/2014 6:00,84,op1
11/13/2014 6:00,84,op3
1/5/2015 6:00,84,op2
2/4/2015 6:00,84,op2
2/4/2015 6:00,84,op3
2/19/2015 6:00,84,op1
2/19/2015 6:00,84,op2
3/6/2015 6:00,84,op2
3/21/2015 6:00,84,op4
4/5/2015 6:00,84,op2
4/20/2015 6:00,84,op3
5/5/2015 6:00,84,op4
5/20/2015 6:00,84,op4
5/20/2015 6:00,84,op1
6/4/2015 6:00,84,op4
6/19/2015 6:00,84,op4
6/19/2015 6:00,84,op3
7/4/2015 6:00,84,op3
7/4/2015 6:00,84,op1
7/19/2015 6:00,84,op3
8/3/2015 6:00,84,op2
8/18/2015 6:00,84,op4
8/18/2015 6:00,84,op3
9/2/2015 6:00,84,op4
9/2/2015 6:00,84,op2
9/17/2015 6:00,84,op2
10/2/2015 6:00,84,op2
10/2/2015 6:00,84,op1
10/17/2015 6:00,84,op3
11/1/2015 6:00,84,op1
11/16/2015 6:00,84,op4
12/1/2015 6:00,84,op4
12/16/2015 6:00,84,op3
12/16/2015 6:00,84,op4
12/31/2015 6:00,84,op1
12/31/2015 6:00,84,op2
6/16/2014 6:00,85,op3
7/16/2014 6:00,85,op1
8/15/2014 6:00,85,op4
10/29/2014 6:00,85,op2
1/15/2015 6:00,85,op2
1/30/2015 6:00,85,op3
2/14/2015 6:00,85,op4
3/1/2015 6:00,85,op3
3/16/2015 6:00,85,op3
3/31/2015 6:00,85,op1
3/31/2015 6:00,85,op3
4/15/2015 6:00,85,op3
5/15/2015 6:00,85,op1
5/30/2015 6:00,85,op3
6/14/2015 6:00,85,op2
6/29/2015 6:00,85,op3
6/29/2015 6:00,85,op1
7/29/2015 6:00,85,op2
7/29/2015 6:00,85,op3
8/13/2015 6:00,85,op2
8/28/2015 6:00,85,op2
8/28/2015 6:00,85,op4
9/12/2015 6:00,85,op4
9/12/2015 6:00,85,op3
10/12/2015 6:00,85,op2
11/11/2015 6:00,85,op1
11/11/2015 6:00,85,op2
11/26/2015 6:00,85,op2
12/11/2015 6:00,85,op3
12/26/2015 6:00,85,op4
6/1/2014 6:00,86,op2
6/16/2014 6:00,86,op3
7/1/2014 6:00,86,op4
12/28/2014 6:00,86,op1
1/8/2015 6:00,86,op4
1/8/2015 6:00,86,op1
1/23/2015 6:00,86,op3
1/23/2015 6:00,86,op2
2/7/2015 6:00,86,op2
2/22/2015 6:00,86,op3
2/22/2015 6:00,86,op4
3/9/2015 6:00,86,op3
4/8/2015 6:00,86,op4
5/8/2015 6:00,86,op1
5/23/2015 6:00,86,op1
6/7/2015 6:00,86,op2
6/22/2015 6:00,86,op1
7/7/2015 6:00,86,op3
7/22/2015 6:00,86,op4
8/6/2015 6:00,86,op2
8/21/2015 6:00,86,op3
9/5/2015 6:00,86,op1
9/20/2015 6:00,86,op4
10/5/2015 6:00,86,op4
10/20/2015 6:00,86,op2
11/4/2015 6:00,86,op1
11/19/2015 6:00,86,op2
12/4/2015 6:00,86,op3
12/19/2015 6:00,86,op2
12/19/2015 6:00,86,op4
9/29/2014 6:00,87,op2
9/29/2014 6:00,87,op3
10/14/2014 6:00,87,op4
12/13/2014 6:00,87,op1
1/27/2015 6:00,87,op2
2/11/2015 6:00,87,op2
2/26/2015 6:00,87,op2
2/26/2015 6:00,87,op4
3/13/2015 6:00,87,op4
3/13/2015 6:00,87,op3
3/28/2015 6:00,87,op1
4/12/2015 6:00,87,op1
4/27/2015 6:00,87,op2
5/12/2015 6:00,87,op2
5/12/2015 6:00,87,op1
5/27/2015 6:00,87,op1
6/26/2015 6:00,87,op3
7/26/2015 6:00,87,op4
7/26/2015 6:00,87,op2
8/10/2015 6:00,87,op1
8/25/2015 6:00,87,op3
9/9/2015 6:00,87,op2
9/24/2015 6:00,87,op2
10/9/2015 6:00,87,op2
10/24/2015 6:00,87,op3
11/8/2015 6:00,87,op4
11/23/2015 6:00,87,op4
12/8/2015 6:00,87,op1
12/23/2015 6:00,87,op3
7/1/2014 6:00,88,op2
7/31/2014 6:00,88,op4
8/30/2014 6:00,88,op1
9/14/2014 6:00,88,op3
1/4/2015 6:00,88,op1
1/19/2015 6:00,88,op4
2/3/2015 6:00,88,op2
2/3/2015 6:00,88,op1
2/18/2015 6:00,88,op4
3/5/2015 6:00,88,op2
3/20/2015 6:00,88,op1
3/20/2015 6:00,88,op4
4/4/2015 6:00,88,op2
4/19/2015 6:00,88,op4
5/4/2015 6:00,88,op3
5/4/2015 6:00,88,op4
5/19/2015 6:00,88,op1
5/19/2015 6:00,88,op3
6/3/2015 6:00,88,op2
6/18/2015 6:00,88,op3
7/3/2015 6:00,88,op1
8/2/2015 6:00,88,op3
9/1/2015 6:00,88,op4
9/1/2015 6:00,88,op2
9/16/2015 6:00,88,op1
10/1/2015 6:00,88,op1
10/1/2015 6:00,88,op3
10/16/2015 6:00,88,op2
10/16/2015 6:00,88,op1
10/31/2015 6:00,88,op1
10/31/2015 6:00,88,op2
11/30/2015 6:00,88,op2
11/30/2015 6:00,88,op4
12/30/2015 6:00,88,op1
7/31/2014 6:00,89,op2
11/28/2014 6:00,89,op3
12/28/2014 6:00,89,op1
12/28/2014 6:00,89,op4
1/23/2015 6:00,89,op3
2/7/2015 6:00,89,op1
2/22/2015 6:00,89,op1
3/9/2015 6:00,89,op1
3/24/2015 6:00,89,op4
3/24/2015 6:00,89,op2
4/23/2015 6:00,89,op2
5/8/2015 6:00,89,op2
5/23/2015 6:00,89,op4
6/7/2015 6:00,89,op2
6/7/2015 6:00,89,op3
6/22/2015 6:00,89,op4
6/22/2015 6:00,89,op1
7/22/2015 6:00,89,op2
8/6/2015 6:00,89,op3
8/21/2015 6:00,89,op3
8/21/2015 6:00,89,op2
9/5/2015 6:00,89,op2
9/20/2015 6:00,89,op2
11/4/2015 6:00,89,op1
11/19/2015 6:00,89,op2
12/4/2015 6:00,89,op1
12/19/2015 6:00,89,op3
6/16/2014 6:00,90,op3
9/14/2014 6:00,90,op1
10/29/2014 6:00,90,op2
11/13/2014 6:00,90,op4
1/20/2015 6:00,90,op2
2/4/2015 6:00,90,op1
2/19/2015 6:00,90,op1
2/19/2015 6:00,90,op2
3/21/2015 6:00,90,op3
3/21/2015 6:00,90,op2
4/5/2015 6:00,90,op4
4/5/2015 6:00,90,op1
4/20/2015 6:00,90,op4
5/5/2015 6:00,90,op1
5/5/2015 6:00,90,op4
5/20/2015 6:00,90,op2
6/4/2015 6:00,90,op3
6/19/2015 6:00,90,op2
7/4/2015 6:00,90,op2
7/19/2015 6:00,90,op2
8/3/2015 6:00,90,op4
8/3/2015 6:00,90,op2
8/18/2015 6:00,90,op1
8/18/2015 6:00,90,op3
9/2/2015 6:00,90,op2
9/17/2015 6:00,90,op4
10/2/2015 6:00,90,op1
10/17/2015 6:00,90,op2
11/1/2015 6:00,90,op3
11/1/2015 6:00,90,op4
11/16/2015 6:00,90,op1
11/16/2015 6:00,90,op3
12/1/2015 6:00,90,op2
12/31/2015 6:00,90,op1
7/1/2014 6:00,91,op3
9/29/2014 6:00,91,op4
11/13/2014 6:00,91,op2
12/13/2014 6:00,91,op1
1/17/2015 6:00,91,op1
2/1/2015 6:00,91,op2
2/1/2015 6:00,91,op1
2/16/2015 6:00,91,op1
2/16/2015 6:00,91,op3
3/3/2015 6:00,91,op3
3/18/2015 6:00,91,op3
4/2/2015 6:00,91,op1
5/2/2015 6:00,91,op2
5/17/2015 6:00,91,op2
6/16/2015 6:00,91,op1
7/1/2015 6:00,91,op2
7/16/2015 6:00,91,op1
8/15/2015 6:00,91,op3
9/14/2015 6:00,91,op1
9/29/2015 6:00,91,op2
9/29/2015 6:00,91,op3
10/14/2015 6:00,91,op3
10/29/2015 6:00,91,op4
11/13/2015 6:00,91,op3
11/28/2015 6:00,91,op1
12/28/2015 6:00,91,op3
12/28/2015 6:00,91,op1
6/16/2014 6:00,92,op1
9/14/2014 6:00,92,op3
10/29/2014 6:00,92,op4
11/28/2014 6:00,92,op2
1/5/2015 6:00,92,op2
1/20/2015 6:00,92,op1
1/20/2015 6:00,92,op4
2/19/2015 6:00,92,op3
3/6/2015 6:00,92,op3
3/6/2015 6:00,92,op2
3/21/2015 6:00,92,op2
3/21/2015 6:00,92,op4
4/5/2015 6:00,92,op3
4/20/2015 6:00,92,op2
4/20/2015 6:00,92,op1
5/5/2015 6:00,92,op1
5/20/2015 6:00,92,op3
6/4/2015 6:00,92,op4
6/19/2015 6:00,92,op4
7/4/2015 6:00,92,op3
7/19/2015 6:00,92,op4
8/3/2015 6:00,92,op1
8/18/2015 6:00,92,op3
8/18/2015 6:00,92,op4
9/2/2015 6:00,92,op2
9/2/2015 6:00,92,op1
9/17/2015 6:00,92,op1
10/2/2015 6:00,92,op2
11/16/2015 6:00,92,op4
12/1/2015 6:00,92,op3
12/16/2015 6:00,92,op4
12/31/2015 6:00,92,op3
6/1/2014 6:00,93,op3
7/16/2014 6:00,93,op1
8/30/2014 6:00,93,op2
8/30/2014 6:00,93,op4
1/31/2015 6:00,93,op2
2/15/2015 6:00,93,op1
3/2/2015 6:00,93,op2
3/2/2015 6:00,93,op1
3/17/2015 6:00,93,op4
4/1/2015 6:00,93,op2
4/16/2015 6:00,93,op1
4/16/2015 6:00,93,op3
5/1/2015 6:00,93,op2
5/16/2015 6:00,93,op4
5/31/2015 6:00,93,op3
5/31/2015 6:00,93,op2
6/15/2015 6:00,93,op2
6/30/2015 6:00,93,op3
6/30/2015 6:00,93,op1
7/15/2015 6:00,93,op3
7/15/2015 6:00,93,op2
7/30/2015 6:00,93,op1
8/14/2015 6:00,93,op1
8/14/2015 6:00,93,op3
8/29/2015 6:00,93,op1
9/13/2015 6:00,93,op2
9/28/2015 6:00,93,op2
10/13/2015 6:00,93,op3
11/12/2015 6:00,93,op2
11/12/2015 6:00,93,op3
11/27/2015 6:00,93,op3
12/27/2015 6:00,93,op1
7/16/2014 6:00,94,op1
8/30/2014 6:00,94,op3
8/30/2014 6:00,94,op4
12/13/2014 6:00,94,op2
1/8/2015 6:00,94,op2
1/23/2015 6:00,94,op2
2/7/2015 6:00,94,op1
2/22/2015 6:00,94,op4
3/9/2015 6:00,94,op3
3/24/2015 6:00,94,op2
3/24/2015 6:00,94,op4
5/8/2015 6:00,94,op3
5/23/2015 6:00,94,op4
6/7/2015 6:00,94,op4
6/22/2015 6:00,94,op4
7/7/2015 6:00,94,op1
7/7/2015 6:00,94,op2
7/22/2015 6:00,94,op2
8/6/2015 6:00,94,op1
8/21/2015 6:00,94,op4
9/5/2015 6:00,94,op2
9/5/2015 6:00,94,op4
9/20/2015 6:00,94,op4
9/20/2015 6:00,94,op2
10/5/2015 6:00,94,op4
10/20/2015 6:00,94,op3
11/4/2015 6:00,94,op3
11/19/2015 6:00,94,op4
11/19/2015 6:00,94,op2
12/4/2015 6:00,94,op1
12/19/2015 6:00,94,op2
6/1/2014 6:00,95,op4
6/16/2014 6:00,95,op1
7/1/2014 6:00,95,op3
8/30/2014 6:00,95,op2
2/4/2015 6:00,95,op2
2/19/2015 6:00,95,op4
3/6/2015 6:00,95,op1
3/6/2015 6:00,95,op4
3/21/2015 6:00,95,op2
3/21/2015 6:00,95,op1
4/5/2015 6:00,95,op4
4/20/2015 6:00,95,op3
4/20/2015 6:00,95,op2
5/5/2015 6:00,95,op1
5/5/2015 6:00,95,op2
5/20/2015 6:00,95,op2
6/4/2015 6:00,95,op3
6/19/2015 6:00,95,op3
7/4/2015 6:00,95,op2
7/19/2015 6:00,95,op3
8/3/2015 6:00,95,op2
8/18/2015 6:00,95,op1
8/18/2015 6:00,95,op4
9/2/2015 6:00,95,op4
9/17/2015 6:00,95,op3
9/17/2015 6:00,95,op1
10/2/2015 6:00,95,op3
10/2/2015 6:00,95,op1
10/17/2015 6:00,95,op4
10/17/2015 6:00,95,op1
11/1/2015 6:00,95,op3
11/1/2015 6:00,95,op4
11/16/2015 6:00,95,op3
12/1/2015 6:00,95,op4
12/16/2015 6:00,95,op2
12/31/2015 6:00,95,op1
12/31/2015 6:00,95,op2
6/1/2014 6:00,96,op1
8/15/2014 6:00,96,op2
8/15/2014 6:00,96,op3
8/15/2014 6:00,96,op4
1/3/2015 6:00,96,op2
1/18/2015 6:00,96,op1
1/18/2015 6:00,96,op4
2/17/2015 6:00,96,op3
3/4/2015 6:00,96,op4
3/19/2015 6:00,96,op4
4/3/2015 6:00,96,op4
4/18/2015 6:00,96,op4
4/18/2015 6:00,96,op2
5/3/2015 6:00,96,op3
5/3/2015 6:00,96,op4
6/2/2015 6:00,96,op1
6/2/2015 6:00,96,op3
6/17/2015 6:00,96,op4
7/2/2015 6:00,96,op2
7/17/2015 6:00,96,op2
7/17/2015 6:00,96,op3
8/1/2015 6:00,96,op2
8/16/2015 6:00,96,op4
8/31/2015 6:00,96,op3
9/15/2015 6:00,96,op3
9/30/2015 6:00,96,op4
10/15/2015 6:00,96,op1
10/30/2015 6:00,96,op1
11/14/2015 6:00,96,op1
11/29/2015 6:00,96,op1
12/14/2015 6:00,96,op4
12/29/2015 6:00,96,op3
12/29/2015 6:00,96,op1
7/1/2014 6:00,97,op1
7/1/2014 6:00,97,op2
7/1/2014 6:00,97,op4
9/14/2014 6:00,97,op3
1/24/2015 6:00,97,op4
1/24/2015 6:00,97,op3
2/8/2015 6:00,97,op3
2/23/2015 6:00,97,op3
3/10/2015 6:00,97,op1
3/25/2015 6:00,97,op1
4/9/2015 6:00,97,op2
4/24/2015 6:00,97,op2
5/9/2015 6:00,97,op2
5/9/2015 6:00,97,op4
5/24/2015 6:00,97,op4
5/24/2015 6:00,97,op2
6/8/2015 6:00,97,op1
6/8/2015 6:00,97,op2
7/8/2015 6:00,97,op3
7/23/2015 6:00,97,op4
7/23/2015 6:00,97,op1
8/22/2015 6:00,97,op4
9/6/2015 6:00,97,op3
9/6/2015 6:00,97,op2
9/21/2015 6:00,97,op1
10/6/2015 6:00,97,op1
10/21/2015 6:00,97,op1
10/21/2015 6:00,97,op2
11/5/2015 6:00,97,op2
11/20/2015 6:00,97,op2
11/20/2015 6:00,97,op4
12/5/2015 6:00,97,op2
12/5/2015 6:00,97,op1
12/20/2015 6:00,97,op4
8/30/2014 6:00,98,op1
8/30/2014 6:00,98,op3
9/29/2014 6:00,98,op4
10/29/2014 6:00,98,op2
1/30/2015 6:00,98,op3
2/14/2015 6:00,98,op1
2/14/2015 6:00,98,op3
3/1/2015 6:00,98,op4
3/1/2015 6:00,98,op1
3/16/2015 6:00,98,op1
3/31/2015 6:00,98,op1
4/15/2015 6:00,98,op3
4/30/2015 6:00,98,op4
4/30/2015 6:00,98,op2
5/15/2015 6:00,98,op1
5/30/2015 6:00,98,op3
6/14/2015 6:00,98,op2
6/29/2015 6:00,98,op1
6/29/2015 6:00,98,op4
7/14/2015 6:00,98,op4
7/29/2015 6:00,98,op2
7/29/2015 6:00,98,op3
8/13/2015 6:00,98,op4
8/13/2015 6:00,98,op1
8/28/2015 6:00,98,op2
8/28/2015 6:00,98,op4
9/12/2015 6:00,98,op4
9/12/2015 6:00,98,op2
9/27/2015 6:00,98,op1
9/27/2015 6:00,98,op4
10/12/2015 6:00,98,op4
10/27/2015 6:00,98,op2
11/11/2015 6:00,98,op4
11/26/2015 6:00,98,op2
11/26/2015 6:00,98,op3
12/11/2015 6:00,98,op2
12/26/2015 6:00,98,op2
7/16/2014 6:00,99,op4
11/13/2014 6:00,99,op1
12/28/2014 6:00,99,op2
12/28/2014 6:00,99,op3
1/18/2015 6:00,99,op4
2/2/2015 6:00,99,op1
2/17/2015 6:00,99,op2
3/4/2015 6:00,99,op2
3/4/2015 6:00,99,op3
3/19/2015 6:00,99,op4
4/3/2015 6:00,99,op2
4/18/2015 6:00,99,op3
5/3/2015 6:00,99,op2
5/18/2015 6:00,99,op1
6/2/2015 6:00,99,op4
6/17/2015 6:00,99,op1
7/2/2015 6:00,99,op2
7/2/2015 6:00,99,op4
7/17/2015 6:00,99,op3
7/17/2015 6:00,99,op1
8/1/2015 6:00,99,op2
8/1/2015 6:00,99,op1
8/16/2015 6:00,99,op2
8/31/2015 6:00,99,op3
8/31/2015 6:00,99,op2
9/15/2015 6:00,99,op3
9/15/2015 6:00,99,op1
9/30/2015 6:00,99,op3
10/15/2015 6:00,99,op2
10/30/2015 6:00,99,op4
11/14/2015 6:00,99,op2
11/29/2015 6:00,99,op3
12/14/2015 6:00,99,op4
12/29/2015 6:00,99,op2
8/30/2014 6:00,100,op4
9/14/2014 6:00,100,op1
11/28/2014 6:00,100,op3
12/13/2014 6:00,100,op2
1/28/2015 6:00,100,op4
2/12/2015 6:00,100,op1
3/14/2015 6:00,100,op1
3/29/2015 6:00,100,op1
4/13/2015 6:00,100,op1
4/28/2015 6:00,100,op1
4/28/2015 6:00,100,op4
5/13/2015 6:00,100,op3
5/28/2015 6:00,100,op3
5/28/2015 6:00,100,op4
6/27/2015 6:00,100,op3
7/12/2015 6:00,100,op3
7/27/2015 6:00,100,op1
7/27/2015 6:00,100,op2
8/11/2015 6:00,100,op3
8/26/2015 6:00,100,op4
9/10/2015 6:00,100,op1
9/25/2015 6:00,100,op1
10/10/2015 6:00,100,op1
10/10/2015 6:00,100,op3
10/25/2015 6:00,100,op4
11/9/2015 6:00,100,op4
12/9/2015 6:00,100,op2
12/24/2015 6:00,100,op2
